<?xml version = '1.0' encoding = 'UTF-8'?>
<TableProxyOraclev12c class="oracle.dbtools.crest.model.design.storage.oracle.v12c.TableProxyOraclev12c" name="STUDENTCOURSE" directorySegmentName="seg_0" id="057A9C70-612A-EE30-FEAA-120839C44CAC">
<createdBy>ranar</createdBy>
<createdTime>2024-05-08 01:35:53 UTC</createdTime>
<ownerDesignName>erd1</ownerDesignName>
<logging>YES</logging>
<partitionedRowMovement>DISABLE</partitionedRowMovement>
<segment>972A8A42-A0E2-7C36-3431-FBD4885F9009</segment>
<tableSpace>DA3C767F-9BF3-F2DB-D8BD-453512D5C63F</tableSpace>
<temporaryChanged>false</temporaryChanged>
<accessDriverType>oracle_loader</accessDriverType>
<rejectLimit></rejectLimit>
<inMemory>NO</inMemory>
<columnProxies itemClass="oracle.dbtools.crest.model.design.storage.oracle.v12c.ColumnProxyOraclev12c">
<ColumnProxy name="STUDENTID" id="28CDF937-2A70-DEB3-4B43-EC115EBCDA5C">
<createdBy>ranar</createdBy>
<createdTime>2024-05-08 01:35:53 UTC</createdTime>
<ownerDesignName>erd1</ownerDesignName>
</ColumnProxy>
<ColumnProxy name="COURSEID" id="3081310C-0CFD-A035-AF7F-1966F16AE7DC">
<createdBy>ranar</createdBy>
<createdTime>2024-05-08 01:35:53 UTC</createdTime>
<ownerDesignName>erd1</ownerDesignName>
</ColumnProxy>
</columnProxies>
<foreignKeys>
<ForeignKey class="oracle.dbtools.crest.model.design.storage.oracle.v10g.FKProxyOraclev10g" name="SYS_C009428" id="40521ADC-A452-A6C5-72CA-013D142D469D">
<createdBy>ranar</createdBy>
<createdTime>2024-05-08 01:35:53 UTC</createdTime>
<ownerDesignName>erd1</ownerDesignName>
</ForeignKey>
<ForeignKey class="oracle.dbtools.crest.model.design.storage.oracle.v10g.FKProxyOraclev10g" name="SYS_C009429" id="DA8CDC4B-B0B2-7223-0B7B-204B550DC8C9">
<createdBy>ranar</createdBy>
<createdTime>2024-05-08 01:35:53 UTC</createdTime>
<ownerDesignName>erd1</ownerDesignName>
</ForeignKey>
</foreignKeys>
<primaryKeys>
<PrimaryKey class="oracle.dbtools.crest.model.design.storage.oracle.v10g.PKProxyOraclev10g" name="STUDENTCOURSE_PK" id="F9B93806-BF47-3C72-EF64-90176ABD6F8E">
<createdBy>ranar</createdBy>
<createdTime>2024-05-08 01:35:53 UTC</createdTime>
<ownerDesignName>erd1</ownerDesignName>
<segment>9FE5CD41-BA13-F542-0142-67DBBBA2DE1F</segment>
<tableSpace>DA3C767F-9BF3-F2DB-D8BD-453512D5C63F</tableSpace>
<indexSegment>9FE5CD41-BA13-F542-0142-67DBBBA2DE1F</indexSegment>
<indexSort>SORTED</indexSort>
<usingIndex>BY INDEX NAME</usingIndex>
</PrimaryKey>
</primaryKeys>
</TableProxyOraclev12c>