<?xml version = '1.0' encoding = 'UTF-8'?>
<TableProxyOraclev12c class="oracle.dbtools.crest.model.design.storage.oracle.v12c.TableProxyOraclev12c" name="STUDENT" directorySegmentName="seg_0" id="1B0F4197-23DA-1108-F30A-3C7025346BAE">
<createdBy>ranar</createdBy>
<createdTime>2024-05-08 01:35:38 UTC</createdTime>
<ownerDesignName>erd1</ownerDesignName>
<logging>YES</logging>
<partitionedRowMovement>DISABLE</partitionedRowMovement>
<segment>972A8A42-A0E2-7C36-3431-FBD4885F9009</segment>
<tableSpace>DA3C767F-9BF3-F2DB-D8BD-453512D5C63F</tableSpace>
<temporaryChanged>false</temporaryChanged>
<accessDriverType>oracle_loader</accessDriverType>
<rejectLimit></rejectLimit>
<inMemory>NO</inMemory>
<columnProxies itemClass="oracle.dbtools.crest.model.design.storage.oracle.v12c.ColumnProxyOraclev12c">
<ColumnProxy name="STUDENTID" id="1781EDE5-47A1-2786-56FC-F47D8F06D75C">
<createdBy>ranar</createdBy>
<createdTime>2024-05-08 01:35:38 UTC</createdTime>
<ownerDesignName>erd1</ownerDesignName>
</ColumnProxy>
<ColumnProxy name="MAJOR" id="425C28B3-0087-25F6-89DC-D63530DE0DD2">
<createdBy>ranar</createdBy>
<createdTime>2024-05-08 01:35:38 UTC</createdTime>
<ownerDesignName>erd1</ownerDesignName>
</ColumnProxy>
<ColumnProxy name="NAME" id="8CBEEC9E-136E-7B9A-10C2-6EB97715C808">
<createdBy>ranar</createdBy>
<createdTime>2024-05-08 01:35:38 UTC</createdTime>
<ownerDesignName>erd1</ownerDesignName>
</ColumnProxy>
</columnProxies>
<primaryKeys>
<PrimaryKey class="oracle.dbtools.crest.model.design.storage.oracle.v10g.PKProxyOraclev10g" name="STUDENT_PK" id="BA5D93F0-12BE-F60D-72B0-94A548812BCF">
<createdBy>ranar</createdBy>
<createdTime>2024-05-08 01:35:38 UTC</createdTime>
<ownerDesignName>erd1</ownerDesignName>
<segment>9FE5CD41-BA13-F542-0142-67DBBBA2DE1F</segment>
<tableSpace>DA3C767F-9BF3-F2DB-D8BD-453512D5C63F</tableSpace>
<indexSegment>9FE5CD41-BA13-F542-0142-67DBBBA2DE1F</indexSegment>
<indexSort>SORTED</indexSort>
<usingIndex>BY INDEX NAME</usingIndex>
</PrimaryKey>
</primaryKeys>
</TableProxyOraclev12c>