<?xml version = '1.0' encoding = 'UTF-8'?>
<TableProxyOraclev12c class="oracle.dbtools.crest.model.design.storage.oracle.v12c.TableProxyOraclev12c" name="COURSE" directorySegmentName="seg_0" id="39235BED-A1C6-7A3C-F171-52F03B04432B">
<createdBy>ranar</createdBy>
<createdTime>2024-05-08 01:34:54 UTC</createdTime>
<ownerDesignName>erd1</ownerDesignName>
<logging>YES</logging>
<partitionedRowMovement>DISABLE</partitionedRowMovement>
<segment>972A8A42-A0E2-7C36-3431-FBD4885F9009</segment>
<tableSpace>DA3C767F-9BF3-F2DB-D8BD-453512D5C63F</tableSpace>
<temporaryChanged>false</temporaryChanged>
<accessDriverType>oracle_loader</accessDriverType>
<rejectLimit></rejectLimit>
<inMemory>NO</inMemory>
<columnProxies itemClass="oracle.dbtools.crest.model.design.storage.oracle.v12c.ColumnProxyOraclev12c">
<ColumnProxy name="TITLE" id="452CD7D4-EC9F-5B7A-9F5A-50E13BDC6530">
<createdBy>ranar</createdBy>
<createdTime>2024-05-08 01:34:54 UTC</createdTime>
<ownerDesignName>erd1</ownerDesignName>
</ColumnProxy>
<ColumnProxy name="COURSEID" id="62B40949-EAB8-5588-E54B-B68BA73BF6A2">
<createdBy>ranar</createdBy>
<createdTime>2024-05-08 01:34:54 UTC</createdTime>
<ownerDesignName>erd1</ownerDesignName>
</ColumnProxy>
<ColumnProxy name="CREDITHOURS" id="8A6322A6-46FA-3B15-B62B-3BAEC4FB2509">
<createdBy>ranar</createdBy>
<createdTime>2024-05-08 01:34:54 UTC</createdTime>
<ownerDesignName>erd1</ownerDesignName>
</ColumnProxy>
</columnProxies>
<primaryKeys>
<PrimaryKey class="oracle.dbtools.crest.model.design.storage.oracle.v10g.PKProxyOraclev10g" name="COURSE_PK" id="69675A50-E974-C284-20F2-80776547F5FF">
<createdBy>ranar</createdBy>
<createdTime>2024-05-08 01:34:54 UTC</createdTime>
<ownerDesignName>erd1</ownerDesignName>
<segment>9FE5CD41-BA13-F542-0142-67DBBBA2DE1F</segment>
<tableSpace>DA3C767F-9BF3-F2DB-D8BD-453512D5C63F</tableSpace>
<indexSegment>9FE5CD41-BA13-F542-0142-67DBBBA2DE1F</indexSegment>
<indexSort>SORTED</indexSort>
<usingIndex>BY INDEX NAME</usingIndex>
</PrimaryKey>
</primaryKeys>
</TableProxyOraclev12c>