<?xml version = '1.0' encoding = 'UTF-8'?>
<relationalModel class="oracle.dbtools.crest.model.design.relational.RelationalDesign" name="Relational_1" id="FC57CB40-45E0-00A4-FD36-E1BB8A459C58" mainViewID="704CAC41-D80E-F9C8-3F72-4AC1AB97DE57">
<createdBy>ranar</createdBy>
<createdTime>2024-05-08 01:33:34 UTC</createdTime>
<ownerDesignName>erd1</ownerDesignName>
<shouldBeOpen>false</shouldBeOpen>
<selectedRDBMSSite>79C73AAF-E1A7-E669-7DF0-025EE81A2AFC</selectedRDBMSSite>
<importConnectionStamps>
<importConnectionStamp class="oracle.dbtools.crest.imports.DBConnectionStamp">
<connName>ERD</connName>
<connUser>ERD</connUser>
<connType>1</connType>
</importConnectionStamp>
</importConnectionStamps>
</relationalModel>