<?xml version = '1.0' encoding = 'UTF-8'?>
<Entity class="oracle.dbtools.crest.model.design.logical.Entity" directorySegmentName="seg_0" id="0532FD5D-BCCE-A5B8-900E-976BA682ACE0" name="ADMINISTRATIVESTAFFCAMPUS">
<createdBy>ranar</createdBy>
<createdTime>2024-05-08 01:39:26 UTC</createdTime>
<generatorID>49DE3BD7-F8AB-83DA-61E1-49751E753461</generatorID>
<ownerDesignName>erd</ownerDesignName>
<engineerTo>
<item key="FC57CB40-45E0-00A4-FD36-E1BB8A459C58" value="true"/>
</engineerTo>
<adequatelyNormalized>NO</adequatelyNormalized>
<expectedVolumes>0</expectedVolumes>
<fwdEngineeringStrategyName>Single Table</fwdEngineeringStrategyName>
<growthPercent>0</growthPercent>
<growthType>Year</growthType>
<maxVolumes>9999999</maxVolumes>
<minVolumes>0</minVolumes>
<normalForm>Third</normalForm>
<attributes itemClass="oracle.dbtools.crest.model.design.logical.Attribute">
<Attribute name="STAFFID" id="D16B156A-5528-30E0-4147-112E9578FD67">
<createdBy>ranar</createdBy>
<createdTime>2024-05-08 01:39:26 UTC</createdTime>
<generatorID>602C2FE8-BC02-4254-29E2-36CBCA2518B9</generatorID>
<ownerDesignName>erd</ownerDesignName>
<engineerTo>
<item key="FC57CB40-45E0-00A4-FD36-E1BB8A459C58" value="true"/>
</engineerTo>
<referedAttribute>85BED5EC-338F-4D94-09B3-0EA32BA11EEC</referedAttribute>
<useDomainConstraints>false</useDomainConstraints>
<use>1</use>
<logicalDatatype>LOGDT019</logicalDatatype>
<ownDataTypeParameters>,,</ownDataTypeParameters>
</Attribute>
<Attribute name="CAMPUSID" id="28CEE0DD-961F-1B39-9A6B-DD914F4CFFAB">
<createdBy>ranar</createdBy>
<createdTime>2024-05-08 01:39:26 UTC</createdTime>
<generatorID>0C9AAC35-4E99-81FF-9237-93A9F4F10D7A</generatorID>
<ownerDesignName>erd</ownerDesignName>
<engineerTo>
<item key="FC57CB40-45E0-00A4-FD36-E1BB8A459C58" value="true"/>
</engineerTo>
<referedAttribute>06CEF705-8A72-68BD-25AC-2268D021CFE0</referedAttribute>
<useDomainConstraints>false</useDomainConstraints>
<use>1</use>
<logicalDatatype>LOGDT019</logicalDatatype>
<ownDataTypeParameters>,,</ownDataTypeParameters>
</Attribute>
</attributes>
<identifiers itemClass="oracle.dbtools.crest.model.design.logical.CandidateKey">
<identifier id="1B9D2DFF-7848-D6DD-7B7B-DEA285F0C8D6" name="ADMINISTRATIVESTAFFCAMPUS PK">
<createdBy>ranar</createdBy>
<createdTime>2024-05-08 01:39:26 UTC</createdTime>
<generatorID>B47ECCBA-A9BA-92D9-78E5-E037245BC683</generatorID>
<ownerDesignName>erd</ownerDesignName>
<engineerTo>
<item key="FC57CB40-45E0-00A4-FD36-E1BB8A459C58" value="true"/>
</engineerTo>
<pk>true</pk>
<usedAttributes>
<attributeRef>D16B156A-5528-30E0-4147-112E9578FD67</attributeRef>
<attributeRef>28CEE0DD-961F-1B39-9A6B-DD914F4CFFAB</attributeRef>
</usedAttributes>
</identifier>
</identifiers>
</Entity>