<?xml version = '1.0' encoding = 'UTF-8'?>
<Entity class="oracle.dbtools.crest.model.design.logical.Entity" directorySegmentName="seg_0" id="4FE95B3C-E678-BA07-72AF-DBE938ADD0CB" name="FACULTYDEPARTMENT">
<createdBy>ranar</createdBy>
<createdTime>2024-05-08 01:39:26 UTC</createdTime>
<generatorID>C9855093-1456-DAD5-5FBB-BD2F9D5733A1</generatorID>
<ownerDesignName>erd</ownerDesignName>
<engineerTo>
<item key="FC57CB40-45E0-00A4-FD36-E1BB8A459C58" value="true"/>
</engineerTo>
<adequatelyNormalized>NO</adequatelyNormalized>
<expectedVolumes>0</expectedVolumes>
<fwdEngineeringStrategyName>Single Table</fwdEngineeringStrategyName>
<growthPercent>0</growthPercent>
<growthType>Year</growthType>
<maxVolumes>9999999</maxVolumes>
<minVolumes>0</minVolumes>
<normalForm>Third</normalForm>
<attributes itemClass="oracle.dbtools.crest.model.design.logical.Attribute">
<Attribute name="FACULTYID" id="FC5026FC-1288-2E13-BF8D-E06F6A44A74A">
<createdBy>ranar</createdBy>
<createdTime>2024-05-08 01:39:26 UTC</createdTime>
<generatorID>5EBF55DE-C577-590D-E554-1C3A5F557FEB</generatorID>
<ownerDesignName>erd</ownerDesignName>
<engineerTo>
<item key="FC57CB40-45E0-00A4-FD36-E1BB8A459C58" value="true"/>
</engineerTo>
<referedAttribute>C8609711-E9FA-2DEA-6870-F390E4171897</referedAttribute>
<useDomainConstraints>false</useDomainConstraints>
<use>1</use>
<logicalDatatype>LOGDT019</logicalDatatype>
<ownDataTypeParameters>,,</ownDataTypeParameters>
</Attribute>
<Attribute name="DEPARTMENTID" id="A7E837AB-DCCD-84E2-1EDD-0392ED03D753">
<createdBy>ranar</createdBy>
<createdTime>2024-05-08 01:39:26 UTC</createdTime>
<generatorID>DFE37655-F50B-FDDC-05CF-8BBE9DE2E4E1</generatorID>
<ownerDesignName>erd</ownerDesignName>
<engineerTo>
<item key="FC57CB40-45E0-00A4-FD36-E1BB8A459C58" value="true"/>
</engineerTo>
<referedAttribute>517A62DF-4AB7-A0B4-D488-C0EF051D88F9</referedAttribute>
<useDomainConstraints>false</useDomainConstraints>
<use>1</use>
<logicalDatatype>LOGDT019</logicalDatatype>
<ownDataTypeParameters>,,</ownDataTypeParameters>
</Attribute>
</attributes>
<identifiers itemClass="oracle.dbtools.crest.model.design.logical.CandidateKey">
<identifier id="93E804CD-588A-165F-86E7-5B432001042E" name="FACULTYDEPARTMENT PK">
<createdBy>ranar</createdBy>
<createdTime>2024-05-08 01:39:26 UTC</createdTime>
<generatorID>EA03BD25-D06F-6116-EA4C-95B6399FCD4A</generatorID>
<ownerDesignName>erd</ownerDesignName>
<engineerTo>
<item key="FC57CB40-45E0-00A4-FD36-E1BB8A459C58" value="true"/>
</engineerTo>
<pk>true</pk>
<usedAttributes>
<attributeRef>FC5026FC-1288-2E13-BF8D-E06F6A44A74A</attributeRef>
<attributeRef>A7E837AB-DCCD-84E2-1EDD-0392ED03D753</attributeRef>
</usedAttributes>
</identifier>
</identifiers>
</Entity>