<?xml version = '1.0' encoding = 'UTF-8'?>
<Entity class="oracle.dbtools.crest.model.design.logical.Entity" directorySegmentName="seg_0" id="9EF7ECA7-82B0-4B1F-E97D-E796ED6C564C" name="ADMINISTRATIVESTAFFDEPARTMENT">
<createdBy>ranar</createdBy>
<createdTime>2024-05-08 01:39:26 UTC</createdTime>
<generatorID>63F2366E-00DD-9F23-ECEF-F38755BF348E</generatorID>
<ownerDesignName>erd</ownerDesignName>
<engineerTo>
<item key="FC57CB40-45E0-00A4-FD36-E1BB8A459C58" value="true"/>
</engineerTo>
<adequatelyNormalized>NO</adequatelyNormalized>
<expectedVolumes>0</expectedVolumes>
<fwdEngineeringStrategyName>Single Table</fwdEngineeringStrategyName>
<growthPercent>0</growthPercent>
<growthType>Year</growthType>
<maxVolumes>9999999</maxVolumes>
<minVolumes>0</minVolumes>
<normalForm>Third</normalForm>
<attributes itemClass="oracle.dbtools.crest.model.design.logical.Attribute">
<Attribute name="STAFFID" id="DC90EA98-5E7B-66A8-5C51-FBE748D26A1C">
<createdBy>ranar</createdBy>
<createdTime>2024-05-08 01:39:26 UTC</createdTime>
<generatorID>7F2B1009-9318-00BF-3DEE-B7D62B651368</generatorID>
<ownerDesignName>erd</ownerDesignName>
<engineerTo>
<item key="FC57CB40-45E0-00A4-FD36-E1BB8A459C58" value="true"/>
</engineerTo>
<referedAttribute>85BED5EC-338F-4D94-09B3-0EA32BA11EEC</referedAttribute>
<useDomainConstraints>false</useDomainConstraints>
<use>1</use>
<logicalDatatype>LOGDT019</logicalDatatype>
<ownDataTypeParameters>,,</ownDataTypeParameters>
</Attribute>
<Attribute name="DEPARTMENTID" id="B23655E2-E5F1-905D-2919-F0624735799C">
<createdBy>ranar</createdBy>
<createdTime>2024-05-08 01:39:26 UTC</createdTime>
<generatorID>46455589-D353-DFDB-F6BB-68E1F5879292</generatorID>
<ownerDesignName>erd</ownerDesignName>
<engineerTo>
<item key="FC57CB40-45E0-00A4-FD36-E1BB8A459C58" value="true"/>
</engineerTo>
<referedAttribute>517A62DF-4AB7-A0B4-D488-C0EF051D88F9</referedAttribute>
<useDomainConstraints>false</useDomainConstraints>
<use>1</use>
<logicalDatatype>LOGDT019</logicalDatatype>
<ownDataTypeParameters>,,</ownDataTypeParameters>
</Attribute>
</attributes>
<identifiers itemClass="oracle.dbtools.crest.model.design.logical.CandidateKey">
<identifier id="50D401F7-169B-8BDD-4EE7-A0A652D5C539" name="ADMINISTRATIVESTAFFDEPARTMENT PK">
<createdBy>ranar</createdBy>
<createdTime>2024-05-08 01:39:26 UTC</createdTime>
<generatorID>921BF4E7-176C-95C7-F4D9-A9CF7C7448FE</generatorID>
<ownerDesignName>erd</ownerDesignName>
<engineerTo>
<item key="FC57CB40-45E0-00A4-FD36-E1BB8A459C58" value="true"/>
</engineerTo>
<pk>true</pk>
<usedAttributes>
<attributeRef>DC90EA98-5E7B-66A8-5C51-FBE748D26A1C</attributeRef>
<attributeRef>B23655E2-E5F1-905D-2919-F0624735799C</attributeRef>
</usedAttributes>
</identifier>
</identifiers>
</Entity>