<?xml version = '1.0' encoding = 'UTF-8'?>
<FKIndexAssociation class="oracle.dbtools.crest.model.design.relational.FKIndexAssociation" directorySegmentName="seg_0" id="216BB895-E188-BA8F-C496-37CA9412FB51" containerWithKeyObject="49DE3BD7-F8AB-83DA-61E1-49751E753461" localFKIndex="70BD984D-9026-0CBA-CC32-E9DE6A93ACB5" name="SYS_C009435">
<sourceConnName>ERD</sourceConnName>
<sourceObjSchema>ERD</sourceObjSchema>
<sourceObjName>SYS_C009435</sourceObjName>
<createdBy>ranar</createdBy>
<createdTime>2024-05-08 01:34:20 UTC</createdTime>
<ownerDesignName>erd</ownerDesignName>
<referredTableLongName>ERD.CAMPUS</referredTableLongName>
<deleteRule>NO ACTION</deleteRule>
<referredTableID>749F908B-E81F-7736-F909-536ECDF7DDFF</referredTableID>
<keyObject>A5F4F078-BE7F-A5E1-24A0-840074FA27E7</keyObject>
<referredKeyID>A5F4F078-BE7F-A5E1-24A0-840074FA27E7</referredKeyID>
<mandatory>true</mandatory>
<refColNames>CAMPUSID</refColNames>
<transferable>true</transferable>
<rely>false</rely>
<columnDependencyConstraintGenerateInDDL>true</columnDependencyConstraintGenerateInDDL>
</FKIndexAssociation>