<?xml version = '1.0' encoding = 'UTF-8'?>
<FKIndexAssociation class="oracle.dbtools.crest.model.design.relational.FKIndexAssociation" directorySegmentName="seg_0" id="541B62DD-C89F-DC16-B0D5-46F301248F2D" containerWithKeyObject="D9DAC755-FA6C-4591-A878-5AFA92B53FF0" localFKIndex="B9A1DCA7-EDD5-4E52-5D60-DB994DC02E71" name="SYS_C009437">
<sourceConnName>ERD</sourceConnName>
<sourceObjSchema>ERD</sourceObjSchema>
<sourceObjName>SYS_C009437</sourceObjName>
<createdBy>ranar</createdBy>
<createdTime>2024-05-08 01:35:00 UTC</createdTime>
<ownerDesignName>erd</ownerDesignName>
<referredTableLongName>ERD.COURSE</referredTableLongName>
<deleteRule>NO ACTION</deleteRule>
<referredTableID>39235BED-A1C6-7A3C-F171-52F03B04432B</referredTableID>
<keyObject>69675A50-E974-C284-20F2-80776547F5FF</keyObject>
<referredKeyID>69675A50-E974-C284-20F2-80776547F5FF</referredKeyID>
<mandatory>true</mandatory>
<refColNames>COURSEID</refColNames>
<transferable>true</transferable>
<rely>false</rely>
<columnDependencyConstraintGenerateInDDL>true</columnDependencyConstraintGenerateInDDL>
</FKIndexAssociation>