<?xml version = '1.0' encoding = 'UTF-8'?>
<FKIndexAssociation class="oracle.dbtools.crest.model.design.relational.FKIndexAssociation" directorySegmentName="seg_0" id="61B65FCC-8C1D-7AB6-B251-DBD3CDAAD460" containerWithKeyObject="49DE3BD7-F8AB-83DA-61E1-49751E753461" localFKIndex="D217DF8C-3C17-E313-C4C4-AF87C7E4F4A9" name="SYS_C009434">
<sourceConnName>ERD</sourceConnName>
<sourceObjSchema>ERD</sourceObjSchema>
<sourceObjName>SYS_C009434</sourceObjName>
<createdBy>ranar</createdBy>
<createdTime>2024-05-08 01:34:20 UTC</createdTime>
<ownerDesignName>erd</ownerDesignName>
<referredTableLongName>ERD.ADMINISTRATIVESTAFF</referredTableLongName>
<deleteRule>NO ACTION</deleteRule>
<referredTableID>FDBF1ED4-50FC-54D2-099B-549FE5911CAC</referredTableID>
<keyObject>10EC9FA3-39D0-2D02-80E7-464D52EED2F1</keyObject>
<referredKeyID>10EC9FA3-39D0-2D02-80E7-464D52EED2F1</referredKeyID>
<mandatory>true</mandatory>
<refColNames>STAFFID</refColNames>
<transferable>true</transferable>
<rely>false</rely>
<columnDependencyConstraintGenerateInDDL>true</columnDependencyConstraintGenerateInDDL>
</FKIndexAssociation>