<?xml version = '1.0' encoding = 'UTF-8'?>
<FKIndexAssociation class="oracle.dbtools.crest.model.design.relational.FKIndexAssociation" directorySegmentName="seg_0" id="6FFCBDF8-93B1-B890-95B4-EF109FB2FDEC" containerWithKeyObject="0B4DF9DA-F3CD-3B99-9F1F-4E317AA07C24" localFKIndex="2D4E478B-9032-4987-8363-F29EEB13D5A9" name="SYS_C009426">
<sourceConnName>ERD</sourceConnName>
<sourceObjSchema>ERD</sourceObjSchema>
<sourceObjName>SYS_C009426</sourceObjName>
<createdBy>ranar</createdBy>
<createdTime>2024-05-08 01:35:20 UTC</createdTime>
<ownerDesignName>erd</ownerDesignName>
<referredTableLongName>ERD.COURSE</referredTableLongName>
<deleteRule>NO ACTION</deleteRule>
<referredTableID>39235BED-A1C6-7A3C-F171-52F03B04432B</referredTableID>
<keyObject>69675A50-E974-C284-20F2-80776547F5FF</keyObject>
<referredKeyID>69675A50-E974-C284-20F2-80776547F5FF</referredKeyID>
<mandatory>true</mandatory>
<refColNames>COURSEID</refColNames>
<transferable>true</transferable>
<rely>false</rely>
<columnDependencyConstraintGenerateInDDL>true</columnDependencyConstraintGenerateInDDL>
</FKIndexAssociation>