<?xml version = '1.0' encoding = 'UTF-8'?>
<FKIndexAssociation class="oracle.dbtools.crest.model.design.relational.FKIndexAssociation" directorySegmentName="seg_0" id="B3304247-93B6-BA5E-FF09-1674D046829A" containerWithKeyObject="C9855093-1456-DAD5-5FBB-BD2F9D5733A1" localFKIndex="63E1BCE9-FE94-0B5E-8391-218410DE8A91" name="SYS_C009422">
<sourceConnName>ERD</sourceConnName>
<sourceObjSchema>ERD</sourceObjSchema>
<sourceObjName>SYS_C009422</sourceObjName>
<createdBy>ranar</createdBy>
<createdTime>2024-05-08 01:35:32 UTC</createdTime>
<ownerDesignName>erd</ownerDesignName>
<referredTableLongName>ERD.FACULTY</referredTableLongName>
<deleteRule>NO ACTION</deleteRule>
<referredTableID>384805A1-D116-68C1-C2B1-031FB3E3E7E4</referredTableID>
<keyObject>4C3B0925-21BA-6C8A-B743-BEF2EF567839</keyObject>
<referredKeyID>4C3B0925-21BA-6C8A-B743-BEF2EF567839</referredKeyID>
<mandatory>true</mandatory>
<refColNames>FACULTYID</refColNames>
<transferable>true</transferable>
<rely>false</rely>
<columnDependencyConstraintGenerateInDDL>true</columnDependencyConstraintGenerateInDDL>
</FKIndexAssociation>