<?xml version = '1.0' encoding = 'UTF-8'?>
<FKIndexAssociation class="oracle.dbtools.crest.model.design.relational.FKIndexAssociation" directorySegmentName="seg_0" id="E1241050-3874-8374-2DD0-8FBD08D078F8" containerWithKeyObject="63F2366E-00DD-9F23-ECEF-F38755BF348E" localFKIndex="E8795B53-12DE-16A6-EA06-B6D5C9FFE247" name="SYS_C009431">
<sourceConnName>ERD</sourceConnName>
<sourceObjSchema>ERD</sourceObjSchema>
<sourceObjName>SYS_C009431</sourceObjName>
<createdBy>ranar</createdBy>
<createdTime>2024-05-08 01:34:31 UTC</createdTime>
<ownerDesignName>erd</ownerDesignName>
<referredTableLongName>ERD.ADMINISTRATIVESTAFF</referredTableLongName>
<deleteRule>NO ACTION</deleteRule>
<referredTableID>FDBF1ED4-50FC-54D2-099B-549FE5911CAC</referredTableID>
<keyObject>10EC9FA3-39D0-2D02-80E7-464D52EED2F1</keyObject>
<referredKeyID>10EC9FA3-39D0-2D02-80E7-464D52EED2F1</referredKeyID>
<mandatory>true</mandatory>
<refColNames>STAFFID</refColNames>
<transferable>true</transferable>
<rely>false</rely>
<columnDependencyConstraintGenerateInDDL>true</columnDependencyConstraintGenerateInDDL>
</FKIndexAssociation>