<?xml version = '1.0' encoding = 'UTF-8'?>
<FKIndexAssociation class="oracle.dbtools.crest.model.design.relational.FKIndexAssociation" directorySegmentName="seg_0" id="9A7A0D75-00FF-4634-A16A-6D177CD7ACBC" containerWithKeyObject="D9DAC755-FA6C-4591-A878-5AFA92B53FF0" localFKIndex="CC000363-81F1-0FA9-4B36-3A0727622683" name="SYS_C009438">
<sourceConnName>ERD</sourceConnName>
<sourceObjSchema>ERD</sourceObjSchema>
<sourceObjName>SYS_C009438</sourceObjName>
<createdBy>ranar</createdBy>
<createdTime>2024-05-08 01:35:00 UTC</createdTime>
<ownerDesignName>erd1</ownerDesignName>
<referredTableLongName>CAMPUS</referredTableLongName>
<deleteRule>NO ACTION</deleteRule>
<referredTableID>749F908B-E81F-7736-F909-536ECDF7DDFF</referredTableID>
<keyObject>A5F4F078-BE7F-A5E1-24A0-840074FA27E7</keyObject>
<referredKeyID>A5F4F078-BE7F-A5E1-24A0-840074FA27E7</referredKeyID>
<mandatory>true</mandatory>
<refColNames>CAMPUSID</refColNames>
<transferable>true</transferable>
<rely>false</rely>
<columnDependencyConstraintGenerateInDDL>true</columnDependencyConstraintGenerateInDDL>
</FKIndexAssociation>