<?xml version = '1.0' encoding = 'UTF-8'?>
<FKIndexAssociation class="oracle.dbtools.crest.model.design.relational.FKIndexAssociation" directorySegmentName="seg_0" id="B690236B-B788-49E0-11BC-BDC99E20F677" containerWithKeyObject="63F2366E-00DD-9F23-ECEF-F38755BF348E" localFKIndex="06FDA04F-D375-4B0A-4424-BB2BA9029955" name="SYS_C009432">
<sourceConnName>ERD</sourceConnName>
<sourceObjSchema>ERD</sourceObjSchema>
<sourceObjName>SYS_C009432</sourceObjName>
<createdBy>ranar</createdBy>
<createdTime>2024-05-08 01:34:31 UTC</createdTime>
<ownerDesignName>erd1</ownerDesignName>
<referredTableLongName>DEPARTMENT</referredTableLongName>
<deleteRule>NO ACTION</deleteRule>
<referredTableID>4E949359-6E4D-799E-2413-D5975A47826A</referredTableID>
<keyObject>2E6CFA2C-0F3A-9A09-D6BF-3F17E9279FD5</keyObject>
<referredKeyID>2E6CFA2C-0F3A-9A09-D6BF-3F17E9279FD5</referredKeyID>
<mandatory>true</mandatory>
<refColNames>DEPARTMENTID</refColNames>
<transferable>true</transferable>
<rely>false</rely>
<columnDependencyConstraintGenerateInDDL>true</columnDependencyConstraintGenerateInDDL>
</FKIndexAssociation>