<?xml version = '1.0' encoding = 'UTF-8'?>
<FKIndexAssociation class="oracle.dbtools.crest.model.design.relational.FKIndexAssociation" directorySegmentName="seg_0" id="C14C3FB0-0A82-4740-BE79-DB06AA3B056B" containerWithKeyObject="C9855093-1456-DAD5-5FBB-BD2F9D5733A1" localFKIndex="1DB0DA60-8B0F-D916-D2CF-0B651A20BA9D" name="SYS_C009423">
<sourceConnName>ERD</sourceConnName>
<sourceObjSchema>ERD</sourceObjSchema>
<sourceObjName>SYS_C009423</sourceObjName>
<createdBy>ranar</createdBy>
<createdTime>2024-05-08 01:35:32 UTC</createdTime>
<ownerDesignName>erd1</ownerDesignName>
<referredTableLongName>DEPARTMENT</referredTableLongName>
<deleteRule>NO ACTION</deleteRule>
<referredTableID>4E949359-6E4D-799E-2413-D5975A47826A</referredTableID>
<keyObject>2E6CFA2C-0F3A-9A09-D6BF-3F17E9279FD5</keyObject>
<referredKeyID>2E6CFA2C-0F3A-9A09-D6BF-3F17E9279FD5</referredKeyID>
<mandatory>true</mandatory>
<refColNames>DEPARTMENTID</refColNames>
<transferable>true</transferable>
<rely>false</rely>
<columnDependencyConstraintGenerateInDDL>true</columnDependencyConstraintGenerateInDDL>
</FKIndexAssociation>