<?xml version = '1.0' encoding = 'UTF-8'?>
<Diagram class="oracle.dbtools.crest.swingui.relational.DPVRelational" name="Relational_1" id="704CAC41-D80E-F9C8-3F72-4AC1AB97DE57">
<createdBy>ranar</createdBy>
<modifiedBy>ranar</modifiedBy>
<createdTime>2024-05-08 01:33:34 UTC</createdTime>
<autoRoute>false</autoRoute>
<boxInbox>true</boxInbox>
<showLegend>false</showLegend>
<showLabels>false</showLabels>
<showRelAttributes>false</showRelAttributes>
<gridEnabled>false</gridEnabled>
<showGrid>false</showGrid>
<diagramColor>-1</diagramColor>
<display>false</display>
<notation>1</notation>
<objectViews>
<OView class="oracle.dbtools.crest.swingui.relational.TVTable" oid="057A9C70-612A-EE30-FEAA-120839C44CAC" otype="Table" vid="65F4330C-D69D-5E7D-3671-6D44415BEA65">
<hideElementsInCurrentOnly>false</hideElementsInCurrentOnly>
<bounds x="553" y="1079" width="274" height="108"/>
</OView>
<OView class="oracle.dbtools.crest.swingui.relational.TVTable" oid="0B4DF9DA-F3CD-3B99-9F1F-4E317AA07C24" otype="Table" vid="937F2188-255E-63F9-A6D5-1EFCDF628634">
<hideElementsInCurrentOnly>false</hideElementsInCurrentOnly>
<bounds x="2" y="1012" width="270" height="108"/>
</OView>
<OView class="oracle.dbtools.crest.swingui.relational.TVTable" oid="1B0F4197-23DA-1108-F30A-3C7025346BAE" otype="Table" vid="7CDEA1EB-AFB1-6832-EDD0-6C206BEC4498">
<hideElementsInCurrentOnly>false</hideElementsInCurrentOnly>
<bounds x="150" y="1142" width="231" height="88"/>
</OView>
<OView class="oracle.dbtools.crest.swingui.relational.TVTable" oid="384805A1-D116-68C1-C2B1-031FB3E3E7E4" otype="Table" vid="3C3F4BE1-71BA-ADE3-2418-379E2D3A286D">
<hideElementsInCurrentOnly>false</hideElementsInCurrentOnly>
<bounds x="230" y="864" width="254" height="88"/>
</OView>
<OView class="oracle.dbtools.crest.swingui.relational.TVTable" oid="39235BED-A1C6-7A3C-F171-52F03B04432B" otype="Table" vid="1FD07EB5-498E-3410-0F87-41EB963F7FAA">
<hideElementsInCurrentOnly>false</hideElementsInCurrentOnly>
<bounds x="733" y="846" width="246" height="88"/>
</OView>
<OView class="oracle.dbtools.crest.swingui.relational.TVTable" oid="49DE3BD7-F8AB-83DA-61E1-49751E753461" otype="Table" vid="915CFC07-1344-481A-F20B-957874585D4F">
<hideElementsInCurrentOnly>false</hideElementsInCurrentOnly>
<bounds x="481" y="42" width="332" height="108"/>
</OView>
<OView class="oracle.dbtools.crest.swingui.relational.TVTable" oid="4E949359-6E4D-799E-2413-D5975A47826A" otype="Table" vid="9456E2D5-B400-78D5-3B78-8ACC2C07E4A4">
<hideElementsInCurrentOnly>false</hideElementsInCurrentOnly>
<bounds x="85" y="547" width="254" height="83"/>
</OView>
<OView class="oracle.dbtools.crest.swingui.relational.TVTable" oid="63F2366E-00DD-9F23-ECEF-F38755BF348E" otype="Table" vid="9D375450-B680-5662-1952-716DDFAF619F">
<hideElementsInCurrentOnly>false</hideElementsInCurrentOnly>
<bounds x="20" y="366" width="388" height="108"/>
</OView>
<OView class="oracle.dbtools.crest.swingui.relational.TVTable" oid="749F908B-E81F-7736-F909-536ECDF7DDFF" otype="Table" vid="C63A6FCA-F931-F383-F4E8-FD350D078D08">
<hideElementsInCurrentOnly>false</hideElementsInCurrentOnly>
<bounds x="568" y="239" width="226" height="153"/>
</OView>
<OView class="oracle.dbtools.crest.swingui.relational.TVTable" oid="C9855093-1456-DAD5-5FBB-BD2F9D5733A1" otype="Table" vid="49D01110-3625-AE4F-7463-D3C44F7E1026">
<hideElementsInCurrentOnly>false</hideElementsInCurrentOnly>
<bounds x="94" y="711" width="328" height="108"/>
</OView>
<OView class="oracle.dbtools.crest.swingui.relational.TVTable" oid="D9DAC755-FA6C-4591-A878-5AFA92B53FF0" otype="Table" vid="B628A0B4-BCCD-ABC7-BA4A-48417E29579B">
<hideElementsInCurrentOnly>false</hideElementsInCurrentOnly>
<bounds x="590" y="470" width="264" height="108"/>
</OView>
<OView class="oracle.dbtools.crest.swingui.relational.TVTable" oid="FDBF1ED4-50FC-54D2-099B-549FE5911CAC" otype="Table" vid="22F15A36-6B6D-8F97-740F-D7B652DA4897">
<hideElementsInCurrentOnly>false</hideElementsInCurrentOnly>
<bounds x="121" y="49" width="228" height="88"/>
</OView>
</objectViews>
<connectors>
<Connector class="oracle.dbtools.crest.swingui.relational.TVFKRelation" oid="216BB895-E188-BA8F-C496-37CA9412FB51" otype="FKIndexAssociation" vid_source="C63A6FCA-F931-F383-F4E8-FD350D078D08" vid_target="915CFC07-1344-481A-F20B-957874585D4F">
<hideElementsInCurrentOnly>false</hideElementsInCurrentOnly>
<backgroundColor>-16777216</backgroundColor>
<lineWidth>1</lineWidth>
<points>
<point x="681" y="239"/>
<point x="681" y="150"/>
</points>
</Connector>
<Connector class="oracle.dbtools.crest.swingui.relational.TVFKRelation" oid="541B62DD-C89F-DC16-B0D5-46F301248F2D" otype="FKIndexAssociation" vid_source="1FD07EB5-498E-3410-0F87-41EB963F7FAA" vid_target="B628A0B4-BCCD-ABC7-BA4A-48417E29579B">
<hideElementsInCurrentOnly>false</hideElementsInCurrentOnly>
<backgroundColor>-16777216</backgroundColor>
<lineWidth>1</lineWidth>
<points>
<point x="808" y="846"/>
<point x="808" y="578"/>
</points>
</Connector>
<Connector class="oracle.dbtools.crest.swingui.relational.TVFKRelation" oid="61B65FCC-8C1D-7AB6-B251-DBD3CDAAD460" otype="FKIndexAssociation" vid_source="22F15A36-6B6D-8F97-740F-D7B652DA4897" vid_target="915CFC07-1344-481A-F20B-957874585D4F">
<hideElementsInCurrentOnly>false</hideElementsInCurrentOnly>
<backgroundColor>-16777216</backgroundColor>
<lineWidth>1</lineWidth>
<points>
<point x="349" y="93"/>
<point x="481" y="93"/>
</points>
</Connector>
<Connector class="oracle.dbtools.crest.swingui.relational.TVFKRelation" oid="6FFCBDF8-93B1-B890-95B4-EF109FB2FDEC" otype="FKIndexAssociation" vid_source="1FD07EB5-498E-3410-0F87-41EB963F7FAA" vid_target="937F2188-255E-63F9-A6D5-1EFCDF628634">
<hideElementsInCurrentOnly>false</hideElementsInCurrentOnly>
<backgroundColor>-16777216</backgroundColor>
<lineWidth>1</lineWidth>
<points>
<point x="733" y="920"/>
<point x="272" y="1032"/>
</points>
</Connector>
<Connector class="oracle.dbtools.crest.swingui.relational.TVFKRelation" oid="8D2E02EE-0EFC-CC27-4B7A-6D2EB75494C5" otype="FKIndexAssociation" vid_source="3C3F4BE1-71BA-ADE3-2418-379E2D3A286D" vid_target="937F2188-255E-63F9-A6D5-1EFCDF628634">
<hideElementsInCurrentOnly>false</hideElementsInCurrentOnly>
<backgroundColor>-16777216</backgroundColor>
<lineWidth>1</lineWidth>
<points>
<point x="251" y="952"/>
<point x="251" y="1012"/>
</points>
</Connector>
<Connector class="oracle.dbtools.crest.swingui.relational.TVFKRelation" oid="936F3BC4-3BC3-5939-D360-07673A7C6F5C" otype="FKIndexAssociation" vid_source="7CDEA1EB-AFB1-6832-EDD0-6C206BEC4498" vid_target="65F4330C-D69D-5E7D-3671-6D44415BEA65">
<hideElementsInCurrentOnly>false</hideElementsInCurrentOnly>
<backgroundColor>-16777216</backgroundColor>
<lineWidth>1</lineWidth>
<points>
<point x="381" y="1164"/>
<point x="553" y="1164"/>
</points>
</Connector>
<Connector class="oracle.dbtools.crest.swingui.relational.TVFKRelation" oid="9A7A0D75-00FF-4634-A16A-6D177CD7ACBC" otype="FKIndexAssociation" vid_source="C63A6FCA-F931-F383-F4E8-FD350D078D08" vid_target="B628A0B4-BCCD-ABC7-BA4A-48417E29579B">
<hideElementsInCurrentOnly>false</hideElementsInCurrentOnly>
<backgroundColor>-16777216</backgroundColor>
<lineWidth>1</lineWidth>
<points>
<point x="692" y="392"/>
<point x="692" y="470"/>
</points>
</Connector>
<Connector class="oracle.dbtools.crest.swingui.relational.TVFKRelation" oid="B3304247-93B6-BA5E-FF09-1674D046829A" otype="FKIndexAssociation" vid_source="3C3F4BE1-71BA-ADE3-2418-379E2D3A286D" vid_target="49D01110-3625-AE4F-7463-D3C44F7E1026">
<hideElementsInCurrentOnly>false</hideElementsInCurrentOnly>
<backgroundColor>-16777216</backgroundColor>
<lineWidth>1</lineWidth>
<points>
<point x="326" y="864"/>
<point x="326" y="819"/>
</points>
</Connector>
<Connector class="oracle.dbtools.crest.swingui.relational.TVFKRelation" oid="B690236B-B788-49E0-11BC-BDC99E20F677" otype="FKIndexAssociation" vid_source="9456E2D5-B400-78D5-3B78-8ACC2C07E4A4" vid_target="9D375450-B680-5662-1952-716DDFAF619F">
<hideElementsInCurrentOnly>false</hideElementsInCurrentOnly>
<backgroundColor>-16777216</backgroundColor>
<lineWidth>1</lineWidth>
<points>
<point x="212" y="547"/>
<point x="212" y="474"/>
</points>
</Connector>
<Connector class="oracle.dbtools.crest.swingui.relational.TVFKRelation" oid="C14C3FB0-0A82-4740-BE79-DB06AA3B056B" otype="FKIndexAssociation" vid_source="9456E2D5-B400-78D5-3B78-8ACC2C07E4A4" vid_target="49D01110-3625-AE4F-7463-D3C44F7E1026">
<hideElementsInCurrentOnly>false</hideElementsInCurrentOnly>
<backgroundColor>-16777216</backgroundColor>
<lineWidth>1</lineWidth>
<points>
<point x="216" y="630"/>
<point x="216" y="711"/>
</points>
</Connector>
<Connector class="oracle.dbtools.crest.swingui.relational.TVFKRelation" oid="D0C4E3FD-0C0D-1198-543B-4FF342FDF125" otype="FKIndexAssociation" vid_source="1FD07EB5-498E-3410-0F87-41EB963F7FAA" vid_target="65F4330C-D69D-5E7D-3671-6D44415BEA65">
<hideElementsInCurrentOnly>false</hideElementsInCurrentOnly>
<backgroundColor>-16777216</backgroundColor>
<lineWidth>1</lineWidth>
<points>
<point x="780" y="934"/>
<point x="780" y="1079"/>
</points>
</Connector>
<Connector class="oracle.dbtools.crest.swingui.relational.TVFKRelation" oid="E1241050-3874-8374-2DD0-8FBD08D078F8" otype="FKIndexAssociation" vid_source="22F15A36-6B6D-8F97-740F-D7B652DA4897" vid_target="9D375450-B680-5662-1952-716DDFAF619F">
<hideElementsInCurrentOnly>false</hideElementsInCurrentOnly>
<backgroundColor>-16777216</backgroundColor>
<lineWidth>1</lineWidth>
<points>
<point x="250" y="137"/>
<point x="250" y="366"/>
</points>
</Connector>
</connectors>
</Diagram>