<?xml version = '1.0' encoding = 'UTF-8'?>
<Relation class="oracle.dbtools.crest.model.design.logical.Relation" name="SYS_C009422" directorySegmentName="seg_0" id="5EBF55DE-C577-590D-E554-1C3A5F557FEB">
<createdBy>ranar</createdBy>
<createdTime>2024-05-08 01:39:26 UTC</createdTime>
<generatorID>B3304247-93B6-BA5E-FF09-1674D046829A</generatorID>
<ownerDesignName>erd</ownerDesignName>
<engineerTo>
<item key="FC57CB40-45E0-00A4-FD36-E1BB8A459C58" value="true"/>
</engineerTo>
<sourcePk>19D99B53-01CB-2CAC-CD73-870267F11A10</sourcePk>
<identifying>true</identifying>
<optionalSource>true</optionalSource>
<optionalTarget>false</optionalTarget>
<sourceCardinality>1</sourceCardinality>
<sourceEntity>0201E803-7E13-F501-88D5-40998547B05A</sourceEntity>
<targetCardinalityString>*</targetCardinalityString>
<targetEntity>4FE95B3C-E678-BA07-72AF-DBE938ADD0CB</targetEntity>
<transferable>true</transferable>
<deleteRule>NO ACTION</deleteRule>
</Relation>