<?xml version = '1.0' encoding = 'UTF-8'?>
<Relation class="oracle.dbtools.crest.model.design.logical.Relation" name="SYS_C009429" directorySegmentName="seg_0" id="C64FA83D-75C0-1BFF-7889-79A9AC6BA54D">
<createdBy>ranar</createdBy>
<createdTime>2024-05-08 01:39:26 UTC</createdTime>
<generatorID>D0C4E3FD-0C0D-1198-543B-4FF342FDF125</generatorID>
<ownerDesignName>erd</ownerDesignName>
<engineerTo>
<item key="FC57CB40-45E0-00A4-FD36-E1BB8A459C58" value="true"/>
</engineerTo>
<sourcePk>D0FB9339-8E4D-E5BA-8D13-27E29C15BAD4</sourcePk>
<identifying>true</identifying>
<optionalSource>true</optionalSource>
<optionalTarget>false</optionalTarget>
<sourceCardinality>1</sourceCardinality>
<sourceEntity>D130222C-8D3D-2DC6-82E7-5B9E306DAD08</sourceEntity>
<targetCardinalityString>*</targetCardinalityString>
<targetEntity>90073C4A-483D-D1D0-6061-282E1DCE094A</targetEntity>
<transferable>true</transferable>
<deleteRule>NO ACTION</deleteRule>
</Relation>