<?xml version = '1.0' encoding = 'UTF-8'?>
<Relation class="oracle.dbtools.crest.model.design.logical.Relation" name="SYS_C009426" directorySegmentName="seg_0" id="F31B87F1-F01C-EBAF-481C-DD6F357CEF7D">
<createdBy>ranar</createdBy>
<createdTime>2024-05-08 01:39:26 UTC</createdTime>
<generatorID>6FFCBDF8-93B1-B890-95B4-EF109FB2FDEC</generatorID>
<ownerDesignName>erd</ownerDesignName>
<engineerTo>
<item key="FC57CB40-45E0-00A4-FD36-E1BB8A459C58" value="true"/>
</engineerTo>
<sourcePk>D0FB9339-8E4D-E5BA-8D13-27E29C15BAD4</sourcePk>
<identifying>true</identifying>
<optionalSource>true</optionalSource>
<optionalTarget>false</optionalTarget>
<sourceCardinality>1</sourceCardinality>
<sourceEntity>D130222C-8D3D-2DC6-82E7-5B9E306DAD08</sourceEntity>
<targetCardinalityString>*</targetCardinalityString>
<targetEntity>7DA7A323-8349-17AC-A993-F322E617EBC7</targetEntity>
<transferable>true</transferable>
<deleteRule>NO ACTION</deleteRule>
</Relation>