<?xml version = '1.0' encoding = 'UTF-8'?>
<TableProxyOraclev12c class="oracle.dbtools.crest.model.design.storage.oracle.v12c.TableProxyOraclev12c" name="FACULTY" directorySegmentName="seg_0" id="384805A1-D116-68C1-C2B1-031FB3E3E7E4">
<createdBy>ranar</createdBy>
<createdTime>2024-05-08 01:38:18 UTC</createdTime>
<ownerDesignName>erd</ownerDesignName>
<schemaObject>AC0F42D9-7F4D-1A22-FA8A-39A9F6B30F9D</schemaObject>
<logging>YES</logging>
<partitionedRowMovement>DISABLE</partitionedRowMovement>
<segment>972A8A42-A0E2-7C36-3431-FBD4885F9009</segment>
<tableSpace>DA3C767F-9BF3-F2DB-D8BD-453512D5C63F</tableSpace>
<temporaryChanged>false</temporaryChanged>
<accessDriverType>oracle_loader</accessDriverType>
<rejectLimit></rejectLimit>
<inMemory>NO</inMemory>
<columnProxies itemClass="oracle.dbtools.crest.model.design.storage.oracle.v12c.ColumnProxyOraclev12c">
<ColumnProxy name="NAME" id="069954C3-64C0-10C4-44EE-7629ABBEE980">
<createdBy>ranar</createdBy>
<createdTime>2024-05-08 01:38:19 UTC</createdTime>
<ownerDesignName>erd</ownerDesignName>
</ColumnProxy>
<ColumnProxy name="FACULTYID" id="9944A823-104E-FA9C-53E4-171EF6063B8B">
<createdBy>ranar</createdBy>
<createdTime>2024-05-08 01:38:19 UTC</createdTime>
<ownerDesignName>erd</ownerDesignName>
</ColumnProxy>
<ColumnProxy name="ACADEMICRANK" id="BF88B53B-C6AC-DA3D-7C18-9F6F418C70F9">
<createdBy>ranar</createdBy>
<createdTime>2024-05-08 01:38:19 UTC</createdTime>
<ownerDesignName>erd</ownerDesignName>
</ColumnProxy>
</columnProxies>
<primaryKeys>
<PrimaryKey class="oracle.dbtools.crest.model.design.storage.oracle.v10g.PKProxyOraclev10g" name="FACULTY_PK" id="4C3B0925-21BA-6C8A-B743-BEF2EF567839">
<createdBy>ranar</createdBy>
<createdTime>2024-05-08 01:38:19 UTC</createdTime>
<ownerDesignName>erd</ownerDesignName>
<schemaObject>AC0F42D9-7F4D-1A22-FA8A-39A9F6B30F9D</schemaObject>
<segment>9FE5CD41-BA13-F542-0142-67DBBBA2DE1F</segment>
<tableSpace>DA3C767F-9BF3-F2DB-D8BD-453512D5C63F</tableSpace>
<indexSegment>9FE5CD41-BA13-F542-0142-67DBBBA2DE1F</indexSegment>
<indexSort>SORTED</indexSort>
<usingIndex>BY INDEX NAME</usingIndex>
</PrimaryKey>
</primaryKeys>
</TableProxyOraclev12c>