<?xml version = '1.0' encoding = 'UTF-8'?>
<TableProxyOraclev12c class="oracle.dbtools.crest.model.design.storage.oracle.v12c.TableProxyOraclev12c" name="ADMINISTRATIVESTAFFDEPARTMENT" directorySegmentName="seg_0" id="63F2366E-00DD-9F23-ECEF-F38755BF348E">
<createdBy>ranar</createdBy>
<createdTime>2024-05-08 01:34:31 UTC</createdTime>
<ownerDesignName>erd</ownerDesignName>
<schemaObject>AC0F42D9-7F4D-1A22-FA8A-39A9F6B30F9D</schemaObject>
<logging>YES</logging>
<partitionedRowMovement>DISABLE</partitionedRowMovement>
<segment>972A8A42-A0E2-7C36-3431-FBD4885F9009</segment>
<tableSpace>DA3C767F-9BF3-F2DB-D8BD-453512D5C63F</tableSpace>
<temporaryChanged>false</temporaryChanged>
<accessDriverType>oracle_loader</accessDriverType>
<rejectLimit></rejectLimit>
<inMemory>NO</inMemory>
<columnProxies itemClass="oracle.dbtools.crest.model.design.storage.oracle.v12c.ColumnProxyOraclev12c">
<ColumnProxy name="DEPARTMENTID" id="631D88EC-B949-F9BF-881C-B2E0EB90A834">
<createdBy>ranar</createdBy>
<createdTime>2024-05-08 01:34:31 UTC</createdTime>
<ownerDesignName>erd</ownerDesignName>
</ColumnProxy>
<ColumnProxy name="STAFFID" id="C401522A-41BA-8ACC-E006-0CCC70792BBD">
<createdBy>ranar</createdBy>
<createdTime>2024-05-08 01:34:31 UTC</createdTime>
<ownerDesignName>erd</ownerDesignName>
</ColumnProxy>
</columnProxies>
<foreignKeys>
<ForeignKey class="oracle.dbtools.crest.model.design.storage.oracle.v10g.FKProxyOraclev10g" name="SYS_C009432" id="06FDA04F-D375-4B0A-4424-BB2BA9029955">
<createdBy>ranar</createdBy>
<createdTime>2024-05-08 01:34:31 UTC</createdTime>
<ownerDesignName>erd</ownerDesignName>
</ForeignKey>
<ForeignKey class="oracle.dbtools.crest.model.design.storage.oracle.v10g.FKProxyOraclev10g" name="SYS_C009431" id="E8795B53-12DE-16A6-EA06-B6D5C9FFE247">
<createdBy>ranar</createdBy>
<createdTime>2024-05-08 01:34:31 UTC</createdTime>
<ownerDesignName>erd</ownerDesignName>
</ForeignKey>
</foreignKeys>
<primaryKeys>
<PrimaryKey class="oracle.dbtools.crest.model.design.storage.oracle.v10g.PKProxyOraclev10g" name="ADMINISTRATIVESTAFFDEPARTMENT_PK" id="921BF4E7-176C-95C7-F4D9-A9CF7C7448FE">
<createdBy>ranar</createdBy>
<createdTime>2024-05-08 01:34:31 UTC</createdTime>
<ownerDesignName>erd</ownerDesignName>
<schemaObject>AC0F42D9-7F4D-1A22-FA8A-39A9F6B30F9D</schemaObject>
<segment>9FE5CD41-BA13-F542-0142-67DBBBA2DE1F</segment>
<tableSpace>DA3C767F-9BF3-F2DB-D8BD-453512D5C63F</tableSpace>
<indexSegment>9FE5CD41-BA13-F542-0142-67DBBBA2DE1F</indexSegment>
<indexSort>SORTED</indexSort>
<usingIndex>BY INDEX NAME</usingIndex>
</PrimaryKey>
</primaryKeys>
</TableProxyOraclev12c>