<?xml version = '1.0' encoding = 'UTF-8'?>
<TableProxyOraclev12c class="oracle.dbtools.crest.model.design.storage.oracle.v12c.TableProxyOraclev12c" name="FACULTYDEPARTMENT" directorySegmentName="seg_0" id="C9855093-1456-DAD5-5FBB-BD2F9D5733A1">
<createdBy>ranar</createdBy>
<createdTime>2024-05-08 01:35:32 UTC</createdTime>
<ownerDesignName>erd</ownerDesignName>
<schemaObject>AC0F42D9-7F4D-1A22-FA8A-39A9F6B30F9D</schemaObject>
<logging>YES</logging>
<partitionedRowMovement>DISABLE</partitionedRowMovement>
<segment>972A8A42-A0E2-7C36-3431-FBD4885F9009</segment>
<tableSpace>DA3C767F-9BF3-F2DB-D8BD-453512D5C63F</tableSpace>
<temporaryChanged>false</temporaryChanged>
<accessDriverType>oracle_loader</accessDriverType>
<rejectLimit></rejectLimit>
<inMemory>NO</inMemory>
<columnProxies itemClass="oracle.dbtools.crest.model.design.storage.oracle.v12c.ColumnProxyOraclev12c">
<ColumnProxy name="DEPARTMENTID" id="51FD03B9-1E2E-550D-B6C1-9EA9DDD2EBE0">
<createdBy>ranar</createdBy>
<createdTime>2024-05-08 01:35:32 UTC</createdTime>
<ownerDesignName>erd</ownerDesignName>
</ColumnProxy>
<ColumnProxy name="FACULTYID" id="625A2BB4-958B-4FE1-8427-9AB30DCE4751">
<createdBy>ranar</createdBy>
<createdTime>2024-05-08 01:35:32 UTC</createdTime>
<ownerDesignName>erd</ownerDesignName>
</ColumnProxy>
</columnProxies>
<foreignKeys>
<ForeignKey class="oracle.dbtools.crest.model.design.storage.oracle.v10g.FKProxyOraclev10g" name="SYS_C009423" id="1DB0DA60-8B0F-D916-D2CF-0B651A20BA9D">
<createdBy>ranar</createdBy>
<createdTime>2024-05-08 01:35:32 UTC</createdTime>
<ownerDesignName>erd</ownerDesignName>
</ForeignKey>
<ForeignKey class="oracle.dbtools.crest.model.design.storage.oracle.v10g.FKProxyOraclev10g" name="SYS_C009422" id="63E1BCE9-FE94-0B5E-8391-218410DE8A91">
<createdBy>ranar</createdBy>
<createdTime>2024-05-08 01:35:32 UTC</createdTime>
<ownerDesignName>erd</ownerDesignName>
</ForeignKey>
</foreignKeys>
<primaryKeys>
<PrimaryKey class="oracle.dbtools.crest.model.design.storage.oracle.v10g.PKProxyOraclev10g" name="FACULTYDEPARTMENT_PK" id="EA03BD25-D06F-6116-EA4C-95B6399FCD4A">
<createdBy>ranar</createdBy>
<createdTime>2024-05-08 01:35:32 UTC</createdTime>
<ownerDesignName>erd</ownerDesignName>
<schemaObject>AC0F42D9-7F4D-1A22-FA8A-39A9F6B30F9D</schemaObject>
<segment>9FE5CD41-BA13-F542-0142-67DBBBA2DE1F</segment>
<tableSpace>DA3C767F-9BF3-F2DB-D8BD-453512D5C63F</tableSpace>
<indexSegment>9FE5CD41-BA13-F542-0142-67DBBBA2DE1F</indexSegment>
<indexSort>SORTED</indexSort>
<usingIndex>BY INDEX NAME</usingIndex>
</PrimaryKey>
</primaryKeys>
</TableProxyOraclev12c>