<?xml version = '1.0' encoding = 'UTF-8'?>
<TableProxyOraclev12c class="oracle.dbtools.crest.model.design.storage.oracle.v12c.TableProxyOraclev12c" name="ADMINISTRATIVESTAFF" directorySegmentName="seg_0" id="FDBF1ED4-50FC-54D2-099B-549FE5911CAC">
<createdBy>ranar</createdBy>
<createdTime>2024-05-08 01:34:16 UTC</createdTime>
<ownerDesignName>erd</ownerDesignName>
<schemaObject>AC0F42D9-7F4D-1A22-FA8A-39A9F6B30F9D</schemaObject>
<logging>YES</logging>
<partitionedRowMovement>DISABLE</partitionedRowMovement>
<segment>972A8A42-A0E2-7C36-3431-FBD4885F9009</segment>
<tableSpace>DA3C767F-9BF3-F2DB-D8BD-453512D5C63F</tableSpace>
<temporaryChanged>false</temporaryChanged>
<accessDriverType>oracle_loader</accessDriverType>
<rejectLimit></rejectLimit>
<inMemory>NO</inMemory>
<columnProxies itemClass="oracle.dbtools.crest.model.design.storage.oracle.v12c.ColumnProxyOraclev12c">
<ColumnProxy name="NAME" id="56E47271-9156-2272-50B8-6C238C64842F">
<createdBy>ranar</createdBy>
<createdTime>2024-05-08 01:34:16 UTC</createdTime>
<ownerDesignName>erd</ownerDesignName>
</ColumnProxy>
<ColumnProxy name="STAFFID" id="D8813961-275E-677F-F34C-7083C7F3C665">
<createdBy>ranar</createdBy>
<createdTime>2024-05-08 01:34:16 UTC</createdTime>
<ownerDesignName>erd</ownerDesignName>
</ColumnProxy>
<ColumnProxy name="JOBTITLE" id="EAA138AC-AB3D-2435-110C-FDC458FC2AF7">
<createdBy>ranar</createdBy>
<createdTime>2024-05-08 01:34:16 UTC</createdTime>
<ownerDesignName>erd</ownerDesignName>
</ColumnProxy>
</columnProxies>
<primaryKeys>
<PrimaryKey class="oracle.dbtools.crest.model.design.storage.oracle.v10g.PKProxyOraclev10g" name="ADMINISTRATIVESTAFF_PK" id="10EC9FA3-39D0-2D02-80E7-464D52EED2F1">
<createdBy>ranar</createdBy>
<createdTime>2024-05-08 01:34:17 UTC</createdTime>
<ownerDesignName>erd</ownerDesignName>
<schemaObject>AC0F42D9-7F4D-1A22-FA8A-39A9F6B30F9D</schemaObject>
<segment>9FE5CD41-BA13-F542-0142-67DBBBA2DE1F</segment>
<tableSpace>DA3C767F-9BF3-F2DB-D8BD-453512D5C63F</tableSpace>
<indexSegment>9FE5CD41-BA13-F542-0142-67DBBBA2DE1F</indexSegment>
<indexSort>SORTED</indexSort>
<usingIndex>BY INDEX NAME</usingIndex>
</PrimaryKey>
</primaryKeys>
</TableProxyOraclev12c>