<?xml version = '1.0' encoding = 'UTF-8'?>
<Table class="oracle.dbtools.crest.model.design.relational.Table" directorySegmentName="seg_0" id="057A9C70-612A-EE30-FEAA-120839C44CAC" schemaObject="AC0F42D9-7F4D-1A22-FA8A-39A9F6B30F9D" name="STUDENTCOURSE">
<sourceConnName>ERD</sourceConnName>
<sourceObjSchema>ERD</sourceObjSchema>
<sourceObjName>STUDENTCOURSE</sourceObjName>
<createdBy>ranar</createdBy>
<createdTime>2024-05-08 01:35:53 UTC</createdTime>
<ownerDesignName>erd1</ownerDesignName>
<allowColumnReorder>false</allowColumnReorder>
<existDependencyGenerateInDDl>true</existDependencyGenerateInDDl>
<parsed>true</parsed>
<columns itemClass="oracle.dbtools.crest.model.design.relational.Column">
<Column name="STUDENTID" id="28CDF937-2A70-DEB3-4B43-EC115EBCDA5C">
<sourceConnName>ERD</sourceConnName>
<sourceObjSchema>STUDENTCOURSE</sourceObjSchema>
<sourceObjName>STUDENTID</sourceObjName>
<createdBy>ranar</createdBy>
<createdTime>2024-05-08 01:35:53 UTC</createdTime>
<ownerDesignName>erd1</ownerDesignName>
<useDomainConstraints>false</useDomainConstraints>
<use>1</use>
<logicalDatatype>LOGDT019</logicalDatatype>
<ownDataTypeParameters>,,</ownDataTypeParameters>
<autoIncrementCycle>false</autoIncrementCycle>
<associations>
<colAssociation fkAssociation="936F3BC4-3BC3-5939-D360-07673A7C6F5C" referredColumn="1781EDE5-47A1-2786-56FC-F47D8F06D75C"/>
</associations>
</Column>
<Column name="COURSEID" id="3081310C-0CFD-A035-AF7F-1966F16AE7DC">
<sourceConnName>ERD</sourceConnName>
<sourceObjSchema>STUDENTCOURSE</sourceObjSchema>
<sourceObjName>COURSEID</sourceObjName>
<createdBy>ranar</createdBy>
<createdTime>2024-05-08 01:35:53 UTC</createdTime>
<ownerDesignName>erd1</ownerDesignName>
<useDomainConstraints>false</useDomainConstraints>
<use>1</use>
<logicalDatatype>LOGDT019</logicalDatatype>
<ownDataTypeParameters>,,</ownDataTypeParameters>
<autoIncrementCycle>false</autoIncrementCycle>
<associations>
<colAssociation fkAssociation="D0C4E3FD-0C0D-1198-543B-4FF342FDF125" referredColumn="62B40949-EAB8-5588-E54B-B68BA73BF6A2"/>
</associations>
</Column>
</columns>
<indexes itemClass="oracle.dbtools.crest.model.design.relational.Index">
<ind_PK_UK id="F9B93806-BF47-3C72-EF64-90176ABD6F8E" schemaObject="AC0F42D9-7F4D-1A22-FA8A-39A9F6B30F9D" name="STUDENTCOURSE_PK">
<sourceConnName>ERD</sourceConnName>
<sourceObjSchema>ERD</sourceObjSchema>
<sourceObjName>SYS_C009427</sourceObjName>
<createdBy>ranar</createdBy>
<createdTime>2024-05-08 01:35:53 UTC</createdTime>
<ownerDesignName>erd1</ownerDesignName>
<pk>true</pk>
<indexState>Primary Constraint</indexState>
<isSurrogateKey>false</isSurrogateKey>
<indexColumnUsage>
<colUsage columnID="28CDF937-2A70-DEB3-4B43-EC115EBCDA5C"/>
<colUsage columnID="3081310C-0CFD-A035-AF7F-1966F16AE7DC"/>
</indexColumnUsage>
</ind_PK_UK>
<ind_PK_UK id="40521ADC-A452-A6C5-72CA-013D142D469D" name="SYS_C009428">
<createdBy>ranar</createdBy>
<createdTime>2024-05-08 01:35:53 UTC</createdTime>
<ownerDesignName>erd1</ownerDesignName>
<indexState>Foreign Key</indexState>
<isSurrogateKey>false</isSurrogateKey>
<indexColumnUsage>
<colUsage columnID="28CDF937-2A70-DEB3-4B43-EC115EBCDA5C"/>
</indexColumnUsage>
</ind_PK_UK>
<ind_PK_UK id="DA8CDC4B-B0B2-7223-0B7B-204B550DC8C9" name="SYS_C009429">
<createdBy>ranar</createdBy>
<createdTime>2024-05-08 01:35:53 UTC</createdTime>
<ownerDesignName>erd1</ownerDesignName>
<indexState>Foreign Key</indexState>
<isSurrogateKey>false</isSurrogateKey>
<indexColumnUsage>
<colUsage columnID="3081310C-0CFD-A035-AF7F-1966F16AE7DC"/>
</indexColumnUsage>
</ind_PK_UK>
</indexes>
</Table>