<?xml version = '1.0' encoding = 'UTF-8'?>
<Table class="oracle.dbtools.crest.model.design.relational.Table" directorySegmentName="seg_0" id="0B4DF9DA-F3CD-3B99-9F1F-4E317AA07C24" schemaObject="AC0F42D9-7F4D-1A22-FA8A-39A9F6B30F9D" name="FACULTYCOURSE">
<sourceConnName>ERD</sourceConnName>
<sourceObjSchema>ERD</sourceObjSchema>
<sourceObjName>FACULTYCOURSE</sourceObjName>
<createdBy>ranar</createdBy>
<createdTime>2024-05-08 01:35:20 UTC</createdTime>
<ownerDesignName>erd1</ownerDesignName>
<allowColumnReorder>false</allowColumnReorder>
<existDependencyGenerateInDDl>true</existDependencyGenerateInDDl>
<parsed>true</parsed>
<columns itemClass="oracle.dbtools.crest.model.design.relational.Column">
<Column name="FACULTYID" id="1981F9EF-E8CA-151C-2DC6-5E8C51F42C3C">
<sourceConnName>ERD</sourceConnName>
<sourceObjSchema>FACULTYCOURSE</sourceObjSchema>
<sourceObjName>FACULTYID</sourceObjName>
<createdBy>ranar</createdBy>
<createdTime>2024-05-08 01:35:20 UTC</createdTime>
<ownerDesignName>erd1</ownerDesignName>
<useDomainConstraints>false</useDomainConstraints>
<use>1</use>
<logicalDatatype>LOGDT019</logicalDatatype>
<ownDataTypeParameters>,,</ownDataTypeParameters>
<autoIncrementCycle>false</autoIncrementCycle>
<associations>
<colAssociation fkAssociation="8D2E02EE-0EFC-CC27-4B7A-6D2EB75494C5" referredColumn="9944A823-104E-FA9C-53E4-171EF6063B8B"/>
</associations>
</Column>
<Column name="COURSEID" id="4B5E110B-A0F7-F91C-A87F-CFBC54488EBF">
<sourceConnName>ERD</sourceConnName>
<sourceObjSchema>FACULTYCOURSE</sourceObjSchema>
<sourceObjName>COURSEID</sourceObjName>
<createdBy>ranar</createdBy>
<createdTime>2024-05-08 01:35:20 UTC</createdTime>
<ownerDesignName>erd1</ownerDesignName>
<useDomainConstraints>false</useDomainConstraints>
<use>1</use>
<logicalDatatype>LOGDT019</logicalDatatype>
<ownDataTypeParameters>,,</ownDataTypeParameters>
<autoIncrementCycle>false</autoIncrementCycle>
<associations>
<colAssociation fkAssociation="6FFCBDF8-93B1-B890-95B4-EF109FB2FDEC" referredColumn="62B40949-EAB8-5588-E54B-B68BA73BF6A2"/>
</associations>
</Column>
</columns>
<indexes itemClass="oracle.dbtools.crest.model.design.relational.Index">
<ind_PK_UK id="9C82E3E4-1DC4-DA5E-7A7F-2BAB8F588AE5" schemaObject="AC0F42D9-7F4D-1A22-FA8A-39A9F6B30F9D" name="FACULTYCOURSE_PK">
<sourceConnName>ERD</sourceConnName>
<sourceObjSchema>ERD</sourceObjSchema>
<sourceObjName>SYS_C009424</sourceObjName>
<createdBy>ranar</createdBy>
<createdTime>2024-05-08 01:35:20 UTC</createdTime>
<ownerDesignName>erd1</ownerDesignName>
<pk>true</pk>
<indexState>Primary Constraint</indexState>
<isSurrogateKey>false</isSurrogateKey>
<indexColumnUsage>
<colUsage columnID="1981F9EF-E8CA-151C-2DC6-5E8C51F42C3C"/>
<colUsage columnID="4B5E110B-A0F7-F91C-A87F-CFBC54488EBF"/>
</indexColumnUsage>
</ind_PK_UK>
<ind_PK_UK id="4A6036B0-D6CF-291B-0BDE-696007616137" name="SYS_C009425">
<createdBy>ranar</createdBy>
<createdTime>2024-05-08 01:35:20 UTC</createdTime>
<ownerDesignName>erd1</ownerDesignName>
<indexState>Foreign Key</indexState>
<isSurrogateKey>false</isSurrogateKey>
<indexColumnUsage>
<colUsage columnID="1981F9EF-E8CA-151C-2DC6-5E8C51F42C3C"/>
</indexColumnUsage>
</ind_PK_UK>
<ind_PK_UK id="2D4E478B-9032-4987-8363-F29EEB13D5A9" name="SYS_C009426">
<createdBy>ranar</createdBy>
<createdTime>2024-05-08 01:35:20 UTC</createdTime>
<ownerDesignName>erd1</ownerDesignName>
<indexState>Foreign Key</indexState>
<isSurrogateKey>false</isSurrogateKey>
<indexColumnUsage>
<colUsage columnID="4B5E110B-A0F7-F91C-A87F-CFBC54488EBF"/>
</indexColumnUsage>
</ind_PK_UK>
</indexes>
</Table>