<?xml version = '1.0' encoding = 'UTF-8'?>
<Table class="oracle.dbtools.crest.model.design.relational.Table" directorySegmentName="seg_0" id="39235BED-A1C6-7A3C-F171-52F03B04432B" schemaObject="AC0F42D9-7F4D-1A22-FA8A-39A9F6B30F9D" name="COURSE">
<sourceConnName>ERD</sourceConnName>
<sourceObjSchema>ERD</sourceObjSchema>
<sourceObjName>COURSE</sourceObjName>
<createdBy>ranar</createdBy>
<createdTime>2024-05-08 01:34:54 UTC</createdTime>
<ownerDesignName>erd1</ownerDesignName>
<allowColumnReorder>false</allowColumnReorder>
<existDependencyGenerateInDDl>true</existDependencyGenerateInDDl>
<parsed>true</parsed>
<columns itemClass="oracle.dbtools.crest.model.design.relational.Column">
<Column name="COURSEID" id="62B40949-EAB8-5588-E54B-B68BA73BF6A2">
<sourceConnName>ERD</sourceConnName>
<sourceObjSchema>COURSE</sourceObjSchema>
<sourceObjName>COURSEID</sourceObjName>
<createdBy>ranar</createdBy>
<createdTime>2024-05-08 01:34:54 UTC</createdTime>
<ownerDesignName>erd1</ownerDesignName>
<useDomainConstraints>false</useDomainConstraints>
<use>1</use>
<logicalDatatype>LOGDT019</logicalDatatype>
<ownDataTypeParameters>,,</ownDataTypeParameters>
<autoIncrementCycle>false</autoIncrementCycle>
</Column>
<Column name="TITLE" id="452CD7D4-EC9F-5B7A-9F5A-50E13BDC6530">
<sourceConnName>ERD</sourceConnName>
<sourceObjSchema>COURSE</sourceObjSchema>
<sourceObjName>TITLE</sourceObjName>
<createdBy>ranar</createdBy>
<createdTime>2024-05-08 01:34:54 UTC</createdTime>
<ownerDesignName>erd1</ownerDesignName>
<nullsAllowed>true</nullsAllowed>
<useDomainConstraints>false</useDomainConstraints>
<use>1</use>
<logicalDatatype>LOGDT024</logicalDatatype>
<dataTypeSize>255 BYTE</dataTypeSize>
<ownDataTypeParameters>255 BYTE,,</ownDataTypeParameters>
<autoIncrementCycle>false</autoIncrementCycle>
</Column>
<Column name="CREDITHOURS" id="8A6322A6-46FA-3B15-B62B-3BAEC4FB2509">
<sourceConnName>ERD</sourceConnName>
<sourceObjSchema>COURSE</sourceObjSchema>
<sourceObjName>CREDITHOURS</sourceObjName>
<createdBy>ranar</createdBy>
<createdTime>2024-05-08 01:34:54 UTC</createdTime>
<ownerDesignName>erd1</ownerDesignName>
<nullsAllowed>true</nullsAllowed>
<useDomainConstraints>false</useDomainConstraints>
<use>1</use>
<logicalDatatype>LOGDT019</logicalDatatype>
<ownDataTypeParameters>,,</ownDataTypeParameters>
<autoIncrementCycle>false</autoIncrementCycle>
</Column>
</columns>
<indexes itemClass="oracle.dbtools.crest.model.design.relational.Index">
<ind_PK_UK id="69675A50-E974-C284-20F2-80776547F5FF" schemaObject="AC0F42D9-7F4D-1A22-FA8A-39A9F6B30F9D" name="COURSE_PK">
<sourceConnName>ERD</sourceConnName>
<sourceObjSchema>ERD</sourceObjSchema>
<sourceObjName>SYS_C009416</sourceObjName>
<createdBy>ranar</createdBy>
<createdTime>2024-05-08 01:34:54 UTC</createdTime>
<ownerDesignName>erd1</ownerDesignName>
<pk>true</pk>
<indexState>Primary Constraint</indexState>
<isSurrogateKey>false</isSurrogateKey>
<indexColumnUsage>
<colUsage columnID="62B40949-EAB8-5588-E54B-B68BA73BF6A2"/>
</indexColumnUsage>
</ind_PK_UK>
</indexes>
</Table>