<?xml version = '1.0' encoding = 'UTF-8'?>
<Table class="oracle.dbtools.crest.model.design.relational.Table" directorySegmentName="seg_0" id="D9DAC755-FA6C-4591-A878-5AFA92B53FF0" schemaObject="AC0F42D9-7F4D-1A22-FA8A-39A9F6B30F9D" name="COURSECAMPUS">
<sourceConnName>ERD</sourceConnName>
<sourceObjSchema>ERD</sourceObjSchema>
<sourceObjName>COURSECAMPUS</sourceObjName>
<createdBy>ranar</createdBy>
<createdTime>2024-05-08 01:35:00 UTC</createdTime>
<ownerDesignName>erd1</ownerDesignName>
<allowColumnReorder>false</allowColumnReorder>
<existDependencyGenerateInDDl>true</existDependencyGenerateInDDl>
<parsed>true</parsed>
<columns itemClass="oracle.dbtools.crest.model.design.relational.Column">
<Column name="COURSEID" id="5F56DF14-C1C1-DE05-4F96-09359FBA6E54">
<sourceConnName>ERD</sourceConnName>
<sourceObjSchema>COURSECAMPUS</sourceObjSchema>
<sourceObjName>COURSEID</sourceObjName>
<createdBy>ranar</createdBy>
<createdTime>2024-05-08 01:35:00 UTC</createdTime>
<ownerDesignName>erd1</ownerDesignName>
<useDomainConstraints>false</useDomainConstraints>
<use>1</use>
<logicalDatatype>LOGDT019</logicalDatatype>
<ownDataTypeParameters>,,</ownDataTypeParameters>
<autoIncrementCycle>false</autoIncrementCycle>
<associations>
<colAssociation fkAssociation="541B62DD-C89F-DC16-B0D5-46F301248F2D" referredColumn="62B40949-EAB8-5588-E54B-B68BA73BF6A2"/>
</associations>
</Column>
<Column name="CAMPUSID" id="C26A87E6-3F10-EAFE-984A-733526612FA1">
<sourceConnName>ERD</sourceConnName>
<sourceObjSchema>COURSECAMPUS</sourceObjSchema>
<sourceObjName>CAMPUSID</sourceObjName>
<createdBy>ranar</createdBy>
<createdTime>2024-05-08 01:35:00 UTC</createdTime>
<ownerDesignName>erd1</ownerDesignName>
<useDomainConstraints>false</useDomainConstraints>
<use>1</use>
<logicalDatatype>LOGDT019</logicalDatatype>
<ownDataTypeParameters>,,</ownDataTypeParameters>
<autoIncrementCycle>false</autoIncrementCycle>
<associations>
<colAssociation fkAssociation="9A7A0D75-00FF-4634-A16A-6D177CD7ACBC" referredColumn="3C5ED426-CC3A-A33A-6CF4-EC5294D21F30"/>
</associations>
</Column>
</columns>
<indexes itemClass="oracle.dbtools.crest.model.design.relational.Index">
<ind_PK_UK id="41A9198A-DD27-510B-9B18-9D16BF00FBDA" schemaObject="AC0F42D9-7F4D-1A22-FA8A-39A9F6B30F9D" name="COURSECAMPUS_PK">
<sourceConnName>ERD</sourceConnName>
<sourceObjSchema>ERD</sourceObjSchema>
<sourceObjName>SYS_C009436</sourceObjName>
<createdBy>ranar</createdBy>
<createdTime>2024-05-08 01:35:00 UTC</createdTime>
<ownerDesignName>erd1</ownerDesignName>
<pk>true</pk>
<indexState>Primary Constraint</indexState>
<isSurrogateKey>false</isSurrogateKey>
<indexColumnUsage>
<colUsage columnID="5F56DF14-C1C1-DE05-4F96-09359FBA6E54"/>
<colUsage columnID="C26A87E6-3F10-EAFE-984A-733526612FA1"/>
</indexColumnUsage>
</ind_PK_UK>
<ind_PK_UK id="B9A1DCA7-EDD5-4E52-5D60-DB994DC02E71" name="SYS_C009437">
<createdBy>ranar</createdBy>
<createdTime>2024-05-08 01:35:00 UTC</createdTime>
<ownerDesignName>erd1</ownerDesignName>
<indexState>Foreign Key</indexState>
<isSurrogateKey>false</isSurrogateKey>
<indexColumnUsage>
<colUsage columnID="5F56DF14-C1C1-DE05-4F96-09359FBA6E54"/>
</indexColumnUsage>
</ind_PK_UK>
<ind_PK_UK id="CC000363-81F1-0FA9-4B36-3A0727622683" name="SYS_C009438">
<createdBy>ranar</createdBy>
<createdTime>2024-05-08 01:35:00 UTC</createdTime>
<ownerDesignName>erd1</ownerDesignName>
<indexState>Foreign Key</indexState>
<isSurrogateKey>false</isSurrogateKey>
<indexColumnUsage>
<colUsage columnID="C26A87E6-3F10-EAFE-984A-733526612FA1"/>
</indexColumnUsage>
</ind_PK_UK>
</indexes>
</Table>