<?xml version = '1.0' encoding = 'UTF-8'?>
<Table class="oracle.dbtools.crest.model.design.relational.Table" directorySegmentName="seg_0" id="FDBF1ED4-50FC-54D2-099B-549FE5911CAC" schemaObject="AC0F42D9-7F4D-1A22-FA8A-39A9F6B30F9D" name="ADMINISTRATIVESTAFF">
<sourceConnName>ERD</sourceConnName>
<sourceObjSchema>ERD</sourceObjSchema>
<sourceObjName>ADMINISTRATIVESTAFF</sourceObjName>
<createdBy>ranar</createdBy>
<createdTime>2024-05-08 01:34:16 UTC</createdTime>
<ownerDesignName>erd1</ownerDesignName>
<allowColumnReorder>false</allowColumnReorder>
<existDependencyGenerateInDDl>true</existDependencyGenerateInDDl>
<parsed>true</parsed>
<columns itemClass="oracle.dbtools.crest.model.design.relational.Column">
<Column name="STAFFID" id="D8813961-275E-677F-F34C-7083C7F3C665">
<sourceConnName>ERD</sourceConnName>
<sourceObjSchema>ADMINISTRATIVESTAFF</sourceObjSchema>
<sourceObjName>STAFFID</sourceObjName>
<createdBy>ranar</createdBy>
<createdTime>2024-05-08 01:34:16 UTC</createdTime>
<ownerDesignName>erd1</ownerDesignName>
<useDomainConstraints>false</useDomainConstraints>
<use>1</use>
<logicalDatatype>LOGDT019</logicalDatatype>
<ownDataTypeParameters>,,</ownDataTypeParameters>
<autoIncrementCycle>false</autoIncrementCycle>
</Column>
<Column name="NAME" id="56E47271-9156-2272-50B8-6C238C64842F">
<sourceConnName>ERD</sourceConnName>
<sourceObjSchema>ADMINISTRATIVESTAFF</sourceObjSchema>
<sourceObjName>NAME</sourceObjName>
<createdBy>ranar</createdBy>
<createdTime>2024-05-08 01:34:16 UTC</createdTime>
<ownerDesignName>erd1</ownerDesignName>
<nullsAllowed>true</nullsAllowed>
<useDomainConstraints>false</useDomainConstraints>
<use>1</use>
<logicalDatatype>LOGDT024</logicalDatatype>
<dataTypeSize>255 BYTE</dataTypeSize>
<ownDataTypeParameters>255 BYTE,,</ownDataTypeParameters>
<autoIncrementCycle>false</autoIncrementCycle>
</Column>
<Column name="JOBTITLE" id="EAA138AC-AB3D-2435-110C-FDC458FC2AF7">
<sourceConnName>ERD</sourceConnName>
<sourceObjSchema>ADMINISTRATIVESTAFF</sourceObjSchema>
<sourceObjName>JOBTITLE</sourceObjName>
<createdBy>ranar</createdBy>
<createdTime>2024-05-08 01:34:16 UTC</createdTime>
<ownerDesignName>erd1</ownerDesignName>
<nullsAllowed>true</nullsAllowed>
<useDomainConstraints>false</useDomainConstraints>
<use>1</use>
<logicalDatatype>LOGDT024</logicalDatatype>
<dataTypeSize>255 BYTE</dataTypeSize>
<ownDataTypeParameters>255 BYTE,,</ownDataTypeParameters>
<autoIncrementCycle>false</autoIncrementCycle>
</Column>
</columns>
<indexes itemClass="oracle.dbtools.crest.model.design.relational.Index">
<ind_PK_UK id="10EC9FA3-39D0-2D02-80E7-464D52EED2F1" schemaObject="AC0F42D9-7F4D-1A22-FA8A-39A9F6B30F9D" name="ADMINISTRATIVESTAFF_PK">
<sourceConnName>ERD</sourceConnName>
<sourceObjSchema>ERD</sourceObjSchema>
<sourceObjName>SYS_C009420</sourceObjName>
<createdBy>ranar</createdBy>
<createdTime>2024-05-08 01:34:16 UTC</createdTime>
<ownerDesignName>erd1</ownerDesignName>
<pk>true</pk>
<indexState>Primary Constraint</indexState>
<isSurrogateKey>false</isSurrogateKey>
<indexColumnUsage>
<colUsage columnID="D8813961-275E-677F-F34C-7083C7F3C665"/>
</indexColumnUsage>
</ind_PK_UK>
</indexes>
</Table>