<?xml version = '1.0' encoding = 'UTF-8'?>
<Table class="oracle.dbtools.crest.model.design.relational.Table" directorySegmentName="seg_0" id="384805A1-D116-68C1-C2B1-031FB3E3E7E4" name="FACULTY">
<sourceConnName>ERD</sourceConnName>
<sourceObjSchema>ERD</sourceObjSchema>
<sourceObjName>FACULTY</sourceObjName>
<createdBy>ranar</createdBy>
<createdTime>2024-05-08 01:38:18 UTC</createdTime>
<ownerDesignName>erd1</ownerDesignName>
<allowColumnReorder>false</allowColumnReorder>
<existDependencyGenerateInDDl>true</existDependencyGenerateInDDl>
<parsed>true</parsed>
<columns itemClass="oracle.dbtools.crest.model.design.relational.Column">
<Column name="FACULTYID" id="9944A823-104E-FA9C-53E4-171EF6063B8B">
<sourceConnName>ERD</sourceConnName>
<sourceObjSchema>FACULTY</sourceObjSchema>
<sourceObjName>FACULTYID</sourceObjName>
<createdBy>ranar</createdBy>
<createdTime>2024-05-08 01:38:19 UTC</createdTime>
<ownerDesignName>erd1</ownerDesignName>
<useDomainConstraints>false</useDomainConstraints>
<use>1</use>
<logicalDatatype>LOGDT019</logicalDatatype>
<ownDataTypeParameters>,,</ownDataTypeParameters>
<autoIncrementCycle>false</autoIncrementCycle>
</Column>
<Column name="NAME" id="069954C3-64C0-10C4-44EE-7629ABBEE980">
<sourceConnName>ERD</sourceConnName>
<sourceObjSchema>FACULTY</sourceObjSchema>
<sourceObjName>NAME</sourceObjName>
<createdBy>ranar</createdBy>
<createdTime>2024-05-08 01:38:19 UTC</createdTime>
<ownerDesignName>erd1</ownerDesignName>
<nullsAllowed>true</nullsAllowed>
<useDomainConstraints>false</useDomainConstraints>
<use>1</use>
<logicalDatatype>LOGDT024</logicalDatatype>
<dataTypeSize>255 BYTE</dataTypeSize>
<ownDataTypeParameters>255 BYTE,,</ownDataTypeParameters>
<autoIncrementCycle>false</autoIncrementCycle>
</Column>
<Column name="ACADEMICRANK" id="BF88B53B-C6AC-DA3D-7C18-9F6F418C70F9">
<sourceConnName>ERD</sourceConnName>
<sourceObjSchema>FACULTY</sourceObjSchema>
<sourceObjName>ACADEMICRANK</sourceObjName>
<createdBy>ranar</createdBy>
<createdTime>2024-05-08 01:38:19 UTC</createdTime>
<ownerDesignName>erd1</ownerDesignName>
<nullsAllowed>true</nullsAllowed>
<useDomainConstraints>false</useDomainConstraints>
<use>1</use>
<logicalDatatype>LOGDT024</logicalDatatype>
<dataTypeSize>255 BYTE</dataTypeSize>
<ownDataTypeParameters>255 BYTE,,</ownDataTypeParameters>
<autoIncrementCycle>false</autoIncrementCycle>
</Column>
</columns>
<indexes itemClass="oracle.dbtools.crest.model.design.relational.Index">
<ind_PK_UK id="4C3B0925-21BA-6C8A-B743-BEF2EF567839" name="FACULTY_PK">
<sourceConnName>ERD</sourceConnName>
<sourceObjSchema>ERD</sourceObjSchema>
<sourceObjName>SYS_C009417</sourceObjName>
<createdBy>ranar</createdBy>
<createdTime>2024-05-08 01:38:19 UTC</createdTime>
<ownerDesignName>erd1</ownerDesignName>
<pk>true</pk>
<indexState>Primary Constraint</indexState>
<isSurrogateKey>false</isSurrogateKey>
<indexColumnUsage>
<colUsage columnID="9944A823-104E-FA9C-53E4-171EF6063B8B"/>
</indexColumnUsage>
</ind_PK_UK>
</indexes>
</Table>