<?xml version = '1.0' encoding = 'UTF-8'?>
<Table class="oracle.dbtools.crest.model.design.relational.Table" directorySegmentName="seg_0" id="49DE3BD7-F8AB-83DA-61E1-49751E753461" name="ADMINISTRATIVESTAFFCAMPUS">
<sourceConnName>ERD</sourceConnName>
<sourceObjSchema>ERD</sourceObjSchema>
<sourceObjName>ADMINISTRATIVESTAFFCAMPUS</sourceObjName>
<createdBy>ranar</createdBy>
<createdTime>2024-05-08 01:34:20 UTC</createdTime>
<ownerDesignName>erd1</ownerDesignName>
<allowColumnReorder>false</allowColumnReorder>
<existDependencyGenerateInDDl>true</existDependencyGenerateInDDl>
<parsed>true</parsed>
<columns itemClass="oracle.dbtools.crest.model.design.relational.Column">
<Column name="STAFFID" id="E7BF7484-9151-0533-7D22-0881BA53C9BC">
<sourceConnName>ERD</sourceConnName>
<sourceObjSchema>ADMINISTRATIVESTAFFCAMPUS</sourceObjSchema>
<sourceObjName>STAFFID</sourceObjName>
<createdBy>ranar</createdBy>
<createdTime>2024-05-08 01:34:20 UTC</createdTime>
<ownerDesignName>erd1</ownerDesignName>
<useDomainConstraints>false</useDomainConstraints>
<use>1</use>
<logicalDatatype>LOGDT019</logicalDatatype>
<ownDataTypeParameters>,,</ownDataTypeParameters>
<autoIncrementCycle>false</autoIncrementCycle>
<associations>
<colAssociation fkAssociation="61B65FCC-8C1D-7AB6-B251-DBD3CDAAD460" referredColumn="D8813961-275E-677F-F34C-7083C7F3C665"/>
</associations>
</Column>
<Column name="CAMPUSID" id="DA3A1633-15A2-E567-A0B9-58AD3887C591">
<sourceConnName>ERD</sourceConnName>
<sourceObjSchema>ADMINISTRATIVESTAFFCAMPUS</sourceObjSchema>
<sourceObjName>CAMPUSID</sourceObjName>
<createdBy>ranar</createdBy>
<createdTime>2024-05-08 01:34:20 UTC</createdTime>
<ownerDesignName>erd1</ownerDesignName>
<useDomainConstraints>false</useDomainConstraints>
<use>1</use>
<logicalDatatype>LOGDT019</logicalDatatype>
<ownDataTypeParameters>,,</ownDataTypeParameters>
<autoIncrementCycle>false</autoIncrementCycle>
<associations>
<colAssociation fkAssociation="216BB895-E188-BA8F-C496-37CA9412FB51" referredColumn="3C5ED426-CC3A-A33A-6CF4-EC5294D21F30"/>
</associations>
</Column>
</columns>
<indexes itemClass="oracle.dbtools.crest.model.design.relational.Index">
<ind_PK_UK id="B47ECCBA-A9BA-92D9-78E5-E037245BC683" name="ADMINISTRATIVESTAFFCAMPUS_PK">
<sourceConnName>ERD</sourceConnName>
<sourceObjSchema>ERD</sourceObjSchema>
<sourceObjName>SYS_C009433</sourceObjName>
<createdBy>ranar</createdBy>
<createdTime>2024-05-08 01:34:20 UTC</createdTime>
<ownerDesignName>erd1</ownerDesignName>
<pk>true</pk>
<indexState>Primary Constraint</indexState>
<isSurrogateKey>false</isSurrogateKey>
<indexColumnUsage>
<colUsage columnID="E7BF7484-9151-0533-7D22-0881BA53C9BC"/>
<colUsage columnID="DA3A1633-15A2-E567-A0B9-58AD3887C591"/>
</indexColumnUsage>
</ind_PK_UK>
<ind_PK_UK id="D217DF8C-3C17-E313-C4C4-AF87C7E4F4A9" name="SYS_C009434">
<createdBy>ranar</createdBy>
<createdTime>2024-05-08 01:34:20 UTC</createdTime>
<ownerDesignName>erd1</ownerDesignName>
<indexState>Foreign Key</indexState>
<isSurrogateKey>false</isSurrogateKey>
<indexColumnUsage>
<colUsage columnID="E7BF7484-9151-0533-7D22-0881BA53C9BC"/>
</indexColumnUsage>
</ind_PK_UK>
<ind_PK_UK id="70BD984D-9026-0CBA-CC32-E9DE6A93ACB5" name="SYS_C009435">
<createdBy>ranar</createdBy>
<createdTime>2024-05-08 01:34:20 UTC</createdTime>
<ownerDesignName>erd1</ownerDesignName>
<indexState>Foreign Key</indexState>
<isSurrogateKey>false</isSurrogateKey>
<indexColumnUsage>
<colUsage columnID="DA3A1633-15A2-E567-A0B9-58AD3887C591"/>
</indexColumnUsage>
</ind_PK_UK>
</indexes>
</Table>