<?xml version = '1.0' encoding = 'UTF-8'?>
<Table class="oracle.dbtools.crest.model.design.relational.Table" directorySegmentName="seg_0" id="4E949359-6E4D-799E-2413-D5975A47826A" name="DEPARTMENT">
<sourceConnName>ERD</sourceConnName>
<sourceObjSchema>ERD</sourceObjSchema>
<sourceObjName>DEPARTMENT</sourceObjName>
<createdBy>ranar</createdBy>
<createdTime>2024-05-08 01:35:07 UTC</createdTime>
<ownerDesignName>erd1</ownerDesignName>
<allowColumnReorder>false</allowColumnReorder>
<existDependencyGenerateInDDl>true</existDependencyGenerateInDDl>
<parsed>true</parsed>
<columns itemClass="oracle.dbtools.crest.model.design.relational.Column">
<Column name="DEPARTMENTID" id="E3DEB693-417A-BF87-863B-551B70B751AA">
<sourceConnName>ERD</sourceConnName>
<sourceObjSchema>DEPARTMENT</sourceObjSchema>
<sourceObjName>DEPARTMENTID</sourceObjName>
<createdBy>ranar</createdBy>
<createdTime>2024-05-08 01:35:07 UTC</createdTime>
<ownerDesignName>erd1</ownerDesignName>
<useDomainConstraints>false</useDomainConstraints>
<use>1</use>
<logicalDatatype>LOGDT019</logicalDatatype>
<ownDataTypeParameters>,,</ownDataTypeParameters>
<autoIncrementCycle>false</autoIncrementCycle>
</Column>
<Column name="NAME" id="7F051222-E636-11E8-3A2F-87C55151B6FC">
<sourceConnName>ERD</sourceConnName>
<sourceObjSchema>DEPARTMENT</sourceObjSchema>
<sourceObjName>NAME</sourceObjName>
<createdBy>ranar</createdBy>
<createdTime>2024-05-08 01:35:07 UTC</createdTime>
<ownerDesignName>erd1</ownerDesignName>
<nullsAllowed>true</nullsAllowed>
<useDomainConstraints>false</useDomainConstraints>
<use>1</use>
<logicalDatatype>LOGDT024</logicalDatatype>
<dataTypeSize>255 BYTE</dataTypeSize>
<ownDataTypeParameters>255 BYTE,,</ownDataTypeParameters>
<autoIncrementCycle>false</autoIncrementCycle>
</Column>
<Column name="LOCATION" id="76A6B857-94E3-1620-DCEE-9937281DF8D0">
<sourceConnName>ERD</sourceConnName>
<sourceObjSchema>DEPARTMENT</sourceObjSchema>
<sourceObjName>LOCATION</sourceObjName>
<createdBy>ranar</createdBy>
<createdTime>2024-05-08 01:35:07 UTC</createdTime>
<ownerDesignName>erd1</ownerDesignName>
<nullsAllowed>true</nullsAllowed>
<useDomainConstraints>false</useDomainConstraints>
<use>1</use>
<logicalDatatype>LOGDT024</logicalDatatype>
<dataTypeSize>255 BYTE</dataTypeSize>
<ownDataTypeParameters>255 BYTE,,</ownDataTypeParameters>
<autoIncrementCycle>false</autoIncrementCycle>
</Column>
</columns>
<indexes itemClass="oracle.dbtools.crest.model.design.relational.Index">
<ind_PK_UK id="2E6CFA2C-0F3A-9A09-D6BF-3F17E9279FD5" name="DEPARTMENT_PK">
<sourceConnName>ERD</sourceConnName>
<sourceObjSchema>ERD</sourceObjSchema>
<sourceObjName>SYS_C009415</sourceObjName>
<createdBy>ranar</createdBy>
<createdTime>2024-05-08 01:35:07 UTC</createdTime>
<ownerDesignName>erd1</ownerDesignName>
<pk>true</pk>
<indexState>Primary Constraint</indexState>
<isSurrogateKey>false</isSurrogateKey>
<indexColumnUsage>
<colUsage columnID="E3DEB693-417A-BF87-863B-551B70B751AA"/>
</indexColumnUsage>
</ind_PK_UK>
</indexes>
</Table>