<?xml version = '1.0' encoding = 'UTF-8'?>
<TableSpaceOraclev10g class="oracle.dbtools.crest.model.design.storage.oracle.v10g.TableSpaceOraclev10g" name="USERS" directorySegmentName="seg_0" id="DA3C767F-9BF3-F2DB-D8BD-453512D5C63F">
<sourceConnName>ERD</sourceConnName>
<sourceObjSchema>ERD</sourceObjSchema>
<sourceObjName>USERS</sourceObjName>
<createdBy>ranar</createdBy>
<createdTime>2024-05-08 01:34:16 UTC</createdTime>
<ownerDesignName>erd</ownerDesignName>
<emUniformSize>0</emUniformSize>
<extentManagement>LOCAL</extentManagement>
</TableSpaceOraclev10g>