<?xml version = '1.0' encoding = 'UTF-8'?>
<TableProxyOraclev12c class="oracle.dbtools.crest.model.design.storage.oracle.v12c.TableProxyOraclev12c" name="FACULTYCOURSE" directorySegmentName="seg_0" id="0B4DF9DA-F3CD-3B99-9F1F-4E317AA07C24">
<createdBy>ranar</createdBy>
<createdTime>2024-05-08 01:35:20 UTC</createdTime>
<ownerDesignName>erd1</ownerDesignName>
<schemaObject>AC0F42D9-7F4D-1A22-FA8A-39A9F6B30F9D</schemaObject>
<logging>YES</logging>
<partitionedRowMovement>DISABLE</partitionedRowMovement>
<segment>972A8A42-A0E2-7C36-3431-FBD4885F9009</segment>
<tableSpace>DA3C767F-9BF3-F2DB-D8BD-453512D5C63F</tableSpace>
<temporaryChanged>false</temporaryChanged>
<accessDriverType>oracle_loader</accessDriverType>
<rejectLimit></rejectLimit>
<inMemory>NO</inMemory>
<columnProxies itemClass="oracle.dbtools.crest.model.design.storage.oracle.v12c.ColumnProxyOraclev12c">
<ColumnProxy name="FACULTYID" id="1981F9EF-E8CA-151C-2DC6-5E8C51F42C3C">
<createdBy>ranar</createdBy>
<createdTime>2024-05-08 01:35:20 UTC</createdTime>
<ownerDesignName>erd1</ownerDesignName>
</ColumnProxy>
<ColumnProxy name="COURSEID" id="4B5E110B-A0F7-F91C-A87F-CFBC54488EBF">
<createdBy>ranar</createdBy>
<createdTime>2024-05-08 01:35:20 UTC</createdTime>
<ownerDesignName>erd1</ownerDesignName>
</ColumnProxy>
</columnProxies>
<foreignKeys>
<ForeignKey class="oracle.dbtools.crest.model.design.storage.oracle.v10g.FKProxyOraclev10g" name="SYS_C009426" id="2D4E478B-9032-4987-8363-F29EEB13D5A9">
<createdBy>ranar</createdBy>
<createdTime>2024-05-08 01:35:20 UTC</createdTime>
<ownerDesignName>erd1</ownerDesignName>
</ForeignKey>
<ForeignKey class="oracle.dbtools.crest.model.design.storage.oracle.v10g.FKProxyOraclev10g" name="SYS_C009425" id="4A6036B0-D6CF-291B-0BDE-696007616137">
<createdBy>ranar</createdBy>
<createdTime>2024-05-08 01:35:20 UTC</createdTime>
<ownerDesignName>erd1</ownerDesignName>
</ForeignKey>
</foreignKeys>
<primaryKeys>
<PrimaryKey class="oracle.dbtools.crest.model.design.storage.oracle.v10g.PKProxyOraclev10g" name="FACULTYCOURSE_PK" id="9C82E3E4-1DC4-DA5E-7A7F-2BAB8F588AE5">
<createdBy>ranar</createdBy>
<createdTime>2024-05-08 01:35:20 UTC</createdTime>
<ownerDesignName>erd1</ownerDesignName>
<schemaObject>AC0F42D9-7F4D-1A22-FA8A-39A9F6B30F9D</schemaObject>
<segment>9FE5CD41-BA13-F542-0142-67DBBBA2DE1F</segment>
<tableSpace>DA3C767F-9BF3-F2DB-D8BD-453512D5C63F</tableSpace>
<indexSegment>9FE5CD41-BA13-F542-0142-67DBBBA2DE1F</indexSegment>
<indexSort>SORTED</indexSort>
<usingIndex>BY INDEX NAME</usingIndex>
</PrimaryKey>
</primaryKeys>
</TableProxyOraclev12c>