<?xml version = '1.0' encoding = 'UTF-8'?>
<TableProxyOraclev12c class="oracle.dbtools.crest.model.design.storage.oracle.v12c.TableProxyOraclev12c" name="ADMINISTRATIVESTAFFCAMPUS" directorySegmentName="seg_0" id="49DE3BD7-F8AB-83DA-61E1-49751E753461">
<createdBy>ranar</createdBy>
<createdTime>2024-05-08 01:34:20 UTC</createdTime>
<ownerDesignName>erd1</ownerDesignName>
<schemaObject>AC0F42D9-7F4D-1A22-FA8A-39A9F6B30F9D</schemaObject>
<logging>YES</logging>
<partitionedRowMovement>DISABLE</partitionedRowMovement>
<segment>972A8A42-A0E2-7C36-3431-FBD4885F9009</segment>
<tableSpace>DA3C767F-9BF3-F2DB-D8BD-453512D5C63F</tableSpace>
<temporaryChanged>false</temporaryChanged>
<accessDriverType>oracle_loader</accessDriverType>
<rejectLimit></rejectLimit>
<inMemory>NO</inMemory>
<columnProxies itemClass="oracle.dbtools.crest.model.design.storage.oracle.v12c.ColumnProxyOraclev12c">
<ColumnProxy name="CAMPUSID" id="DA3A1633-15A2-E567-A0B9-58AD3887C591">
<createdBy>ranar</createdBy>
<createdTime>2024-05-08 01:34:20 UTC</createdTime>
<ownerDesignName>erd1</ownerDesignName>
</ColumnProxy>
<ColumnProxy name="STAFFID" id="E7BF7484-9151-0533-7D22-0881BA53C9BC">
<createdBy>ranar</createdBy>
<createdTime>2024-05-08 01:34:20 UTC</createdTime>
<ownerDesignName>erd1</ownerDesignName>
</ColumnProxy>
</columnProxies>
<foreignKeys>
<ForeignKey class="oracle.dbtools.crest.model.design.storage.oracle.v10g.FKProxyOraclev10g" name="SYS_C009435" id="70BD984D-9026-0CBA-CC32-E9DE6A93ACB5">
<createdBy>ranar</createdBy>
<createdTime>2024-05-08 01:34:20 UTC</createdTime>
<ownerDesignName>erd1</ownerDesignName>
</ForeignKey>
<ForeignKey class="oracle.dbtools.crest.model.design.storage.oracle.v10g.FKProxyOraclev10g" name="SYS_C009434" id="D217DF8C-3C17-E313-C4C4-AF87C7E4F4A9">
<createdBy>ranar</createdBy>
<createdTime>2024-05-08 01:34:20 UTC</createdTime>
<ownerDesignName>erd1</ownerDesignName>
</ForeignKey>
</foreignKeys>
<primaryKeys>
<PrimaryKey class="oracle.dbtools.crest.model.design.storage.oracle.v10g.PKProxyOraclev10g" name="ADMINISTRATIVESTAFFCAMPUS_PK" id="B47ECCBA-A9BA-92D9-78E5-E037245BC683">
<createdBy>ranar</createdBy>
<createdTime>2024-05-08 01:34:20 UTC</createdTime>
<ownerDesignName>erd1</ownerDesignName>
<schemaObject>AC0F42D9-7F4D-1A22-FA8A-39A9F6B30F9D</schemaObject>
<segment>9FE5CD41-BA13-F542-0142-67DBBBA2DE1F</segment>
<tableSpace>DA3C767F-9BF3-F2DB-D8BD-453512D5C63F</tableSpace>
<indexSegment>9FE5CD41-BA13-F542-0142-67DBBBA2DE1F</indexSegment>
<indexSort>SORTED</indexSort>
<usingIndex>BY INDEX NAME</usingIndex>
</PrimaryKey>
</primaryKeys>
</TableProxyOraclev12c>