<?xml version = '1.0' encoding = 'UTF-8'?>
<TableProxyOraclev12c class="oracle.dbtools.crest.model.design.storage.oracle.v12c.TableProxyOraclev12c" name="DEPARTMENT" directorySegmentName="seg_0" id="4E949359-6E4D-799E-2413-D5975A47826A">
<createdBy>ranar</createdBy>
<createdTime>2024-05-08 01:35:07 UTC</createdTime>
<ownerDesignName>erd1</ownerDesignName>
<schemaObject>AC0F42D9-7F4D-1A22-FA8A-39A9F6B30F9D</schemaObject>
<logging>YES</logging>
<partitionedRowMovement>DISABLE</partitionedRowMovement>
<segment>972A8A42-A0E2-7C36-3431-FBD4885F9009</segment>
<tableSpace>DA3C767F-9BF3-F2DB-D8BD-453512D5C63F</tableSpace>
<temporaryChanged>false</temporaryChanged>
<accessDriverType>oracle_loader</accessDriverType>
<rejectLimit></rejectLimit>
<inMemory>NO</inMemory>
<columnProxies itemClass="oracle.dbtools.crest.model.design.storage.oracle.v12c.ColumnProxyOraclev12c">
<ColumnProxy name="LOCATION" id="76A6B857-94E3-1620-DCEE-9937281DF8D0">
<createdBy>ranar</createdBy>
<createdTime>2024-05-08 01:35:07 UTC</createdTime>
<ownerDesignName>erd1</ownerDesignName>
</ColumnProxy>
<ColumnProxy name="NAME" id="7F051222-E636-11E8-3A2F-87C55151B6FC">
<createdBy>ranar</createdBy>
<createdTime>2024-05-08 01:35:07 UTC</createdTime>
<ownerDesignName>erd1</ownerDesignName>
</ColumnProxy>
<ColumnProxy name="DEPARTMENTID" id="E3DEB693-417A-BF87-863B-551B70B751AA">
<createdBy>ranar</createdBy>
<createdTime>2024-05-08 01:35:07 UTC</createdTime>
<ownerDesignName>erd1</ownerDesignName>
</ColumnProxy>
</columnProxies>
<primaryKeys>
<PrimaryKey class="oracle.dbtools.crest.model.design.storage.oracle.v10g.PKProxyOraclev10g" name="DEPARTMENT_PK" id="2E6CFA2C-0F3A-9A09-D6BF-3F17E9279FD5">
<createdBy>ranar</createdBy>
<createdTime>2024-05-08 01:35:07 UTC</createdTime>
<ownerDesignName>erd1</ownerDesignName>
<schemaObject>AC0F42D9-7F4D-1A22-FA8A-39A9F6B30F9D</schemaObject>
<segment>9FE5CD41-BA13-F542-0142-67DBBBA2DE1F</segment>
<tableSpace>DA3C767F-9BF3-F2DB-D8BD-453512D5C63F</tableSpace>
<indexSegment>9FE5CD41-BA13-F542-0142-67DBBBA2DE1F</indexSegment>
<indexSort>SORTED</indexSort>
<usingIndex>BY INDEX NAME</usingIndex>
</PrimaryKey>
</primaryKeys>
</TableProxyOraclev12c>