<?xml version = '1.0' encoding = 'UTF-8'?>
<TableProxyOraclev12c class="oracle.dbtools.crest.model.design.storage.oracle.v12c.TableProxyOraclev12c" name="CAMPUS" directorySegmentName="seg_0" id="749F908B-E81F-7736-F909-536ECDF7DDFF">
<createdBy>ranar</createdBy>
<createdTime>2024-05-08 01:34:48 UTC</createdTime>
<ownerDesignName>erd1</ownerDesignName>
<schemaObject>AC0F42D9-7F4D-1A22-FA8A-39A9F6B30F9D</schemaObject>
<logging>YES</logging>
<partitionedRowMovement>DISABLE</partitionedRowMovement>
<segment>972A8A42-A0E2-7C36-3431-FBD4885F9009</segment>
<tableSpace>DA3C767F-9BF3-F2DB-D8BD-453512D5C63F</tableSpace>
<temporaryChanged>false</temporaryChanged>
<accessDriverType>oracle_loader</accessDriverType>
<rejectLimit></rejectLimit>
<inMemory>NO</inMemory>
<columnProxies itemClass="oracle.dbtools.crest.model.design.storage.oracle.v12c.ColumnProxyOraclev12c">
<ColumnProxy name="ADDRESS" id="0BD19AC5-2DC3-8510-72B1-83BFCCBF9590">
<createdBy>ranar</createdBy>
<createdTime>2024-05-08 01:34:48 UTC</createdTime>
<ownerDesignName>erd1</ownerDesignName>
</ColumnProxy>
<ColumnProxy name="CAMPUSID" id="3C5ED426-CC3A-A33A-6CF4-EC5294D21F30">
<createdBy>ranar</createdBy>
<createdTime>2024-05-08 01:34:48 UTC</createdTime>
<ownerDesignName>erd1</ownerDesignName>
</ColumnProxy>
<ColumnProxy name="NAME" id="43A7CADB-9CF8-B0E6-8526-1B0D7494D126">
<createdBy>ranar</createdBy>
<createdTime>2024-05-08 01:34:48 UTC</createdTime>
<ownerDesignName>erd1</ownerDesignName>
</ColumnProxy>
</columnProxies>
<primaryKeys>
<PrimaryKey class="oracle.dbtools.crest.model.design.storage.oracle.v10g.PKProxyOraclev10g" name="CAMPUS_PK" id="A5F4F078-BE7F-A5E1-24A0-840074FA27E7">
<createdBy>ranar</createdBy>
<createdTime>2024-05-08 01:34:48 UTC</createdTime>
<ownerDesignName>erd1</ownerDesignName>
<schemaObject>AC0F42D9-7F4D-1A22-FA8A-39A9F6B30F9D</schemaObject>
<segment>9FE5CD41-BA13-F542-0142-67DBBBA2DE1F</segment>
<tableSpace>DA3C767F-9BF3-F2DB-D8BD-453512D5C63F</tableSpace>
<indexSegment>9FE5CD41-BA13-F542-0142-67DBBBA2DE1F</indexSegment>
<indexSort>SORTED</indexSort>
<usingIndex>BY INDEX NAME</usingIndex>
</PrimaryKey>
</primaryKeys>
</TableProxyOraclev12c>