<?xml version = '1.0' encoding = 'UTF-8'?>
<TableProxyOraclev12c class="oracle.dbtools.crest.model.design.storage.oracle.v12c.TableProxyOraclev12c" name="COURSECAMPUS" directorySegmentName="seg_0" id="D9DAC755-FA6C-4591-A878-5AFA92B53FF0">
<createdBy>ranar</createdBy>
<createdTime>2024-05-08 01:35:00 UTC</createdTime>
<ownerDesignName>erd1</ownerDesignName>
<schemaObject>AC0F42D9-7F4D-1A22-FA8A-39A9F6B30F9D</schemaObject>
<logging>YES</logging>
<partitionedRowMovement>DISABLE</partitionedRowMovement>
<segment>972A8A42-A0E2-7C36-3431-FBD4885F9009</segment>
<tableSpace>DA3C767F-9BF3-F2DB-D8BD-453512D5C63F</tableSpace>
<temporaryChanged>false</temporaryChanged>
<accessDriverType>oracle_loader</accessDriverType>
<rejectLimit></rejectLimit>
<inMemory>NO</inMemory>
<columnProxies itemClass="oracle.dbtools.crest.model.design.storage.oracle.v12c.ColumnProxyOraclev12c">
<ColumnProxy name="COURSEID" id="5F56DF14-C1C1-DE05-4F96-09359FBA6E54">
<createdBy>ranar</createdBy>
<createdTime>2024-05-08 01:35:00 UTC</createdTime>
<ownerDesignName>erd1</ownerDesignName>
</ColumnProxy>
<ColumnProxy name="CAMPUSID" id="C26A87E6-3F10-EAFE-984A-733526612FA1">
<createdBy>ranar</createdBy>
<createdTime>2024-05-08 01:35:00 UTC</createdTime>
<ownerDesignName>erd1</ownerDesignName>
</ColumnProxy>
</columnProxies>
<foreignKeys>
<ForeignKey class="oracle.dbtools.crest.model.design.storage.oracle.v10g.FKProxyOraclev10g" name="SYS_C009437" id="B9A1DCA7-EDD5-4E52-5D60-DB994DC02E71">
<createdBy>ranar</createdBy>
<createdTime>2024-05-08 01:35:00 UTC</createdTime>
<ownerDesignName>erd1</ownerDesignName>
</ForeignKey>
<ForeignKey class="oracle.dbtools.crest.model.design.storage.oracle.v10g.FKProxyOraclev10g" name="SYS_C009438" id="CC000363-81F1-0FA9-4B36-3A0727622683">
<createdBy>ranar</createdBy>
<createdTime>2024-05-08 01:35:00 UTC</createdTime>
<ownerDesignName>erd1</ownerDesignName>
</ForeignKey>
</foreignKeys>
<primaryKeys>
<PrimaryKey class="oracle.dbtools.crest.model.design.storage.oracle.v10g.PKProxyOraclev10g" name="COURSECAMPUS_PK" id="41A9198A-DD27-510B-9B18-9D16BF00FBDA">
<createdBy>ranar</createdBy>
<createdTime>2024-05-08 01:35:00 UTC</createdTime>
<ownerDesignName>erd1</ownerDesignName>
<schemaObject>AC0F42D9-7F4D-1A22-FA8A-39A9F6B30F9D</schemaObject>
<segment>9FE5CD41-BA13-F542-0142-67DBBBA2DE1F</segment>
<tableSpace>DA3C767F-9BF3-F2DB-D8BD-453512D5C63F</tableSpace>
<indexSegment>9FE5CD41-BA13-F542-0142-67DBBBA2DE1F</indexSegment>
<indexSort>SORTED</indexSort>
<usingIndex>BY INDEX NAME</usingIndex>
</PrimaryKey>
</primaryKeys>
</TableProxyOraclev12c>