<?xml version = '1.0' encoding = 'UTF-8'?>
<Table class="oracle.dbtools.crest.model.design.relational.Table" directorySegmentName="seg_0" id="1B0F4197-23DA-1108-F30A-3C7025346BAE" schemaObject="AC0F42D9-7F4D-1A22-FA8A-39A9F6B30F9D" name="STUDENT">
<sourceConnName>ERD</sourceConnName>
<sourceObjSchema>ERD</sourceObjSchema>
<sourceObjName>STUDENT</sourceObjName>
<createdBy>ranar</createdBy>
<createdTime>2024-05-08 01:35:38 UTC</createdTime>
<ownerDesignName>erd</ownerDesignName>
<allowColumnReorder>false</allowColumnReorder>
<existDependencyGenerateInDDl>true</existDependencyGenerateInDDl>
<parsed>true</parsed>
<columns itemClass="oracle.dbtools.crest.model.design.relational.Column">
<Column name="STUDENTID" id="1781EDE5-47A1-2786-56FC-F47D8F06D75C">
<sourceConnName>ERD</sourceConnName>
<sourceObjSchema>STUDENT</sourceObjSchema>
<sourceObjName>STUDENTID</sourceObjName>
<createdBy>ranar</createdBy>
<createdTime>2024-05-08 01:35:38 UTC</createdTime>
<ownerDesignName>erd</ownerDesignName>
<useDomainConstraints>false</useDomainConstraints>
<use>1</use>
<logicalDatatype>LOGDT019</logicalDatatype>
<ownDataTypeParameters>,,</ownDataTypeParameters>
<autoIncrementCycle>false</autoIncrementCycle>
</Column>
<Column name="NAME" id="8CBEEC9E-136E-7B9A-10C2-6EB97715C808">
<sourceConnName>ERD</sourceConnName>
<sourceObjSchema>STUDENT</sourceObjSchema>
<sourceObjName>NAME</sourceObjName>
<createdBy>ranar</createdBy>
<createdTime>2024-05-08 01:35:38 UTC</createdTime>
<ownerDesignName>erd</ownerDesignName>
<nullsAllowed>true</nullsAllowed>
<useDomainConstraints>false</useDomainConstraints>
<use>1</use>
<logicalDatatype>LOGDT024</logicalDatatype>
<dataTypeSize>255 BYTE</dataTypeSize>
<ownDataTypeParameters>255 BYTE,,</ownDataTypeParameters>
<autoIncrementCycle>false</autoIncrementCycle>
</Column>
<Column name="MAJOR" id="425C28B3-0087-25F6-89DC-D63530DE0DD2">
<sourceConnName>ERD</sourceConnName>
<sourceObjSchema>STUDENT</sourceObjSchema>
<sourceObjName>MAJOR</sourceObjName>
<createdBy>ranar</createdBy>
<createdTime>2024-05-08 01:35:38 UTC</createdTime>
<ownerDesignName>erd</ownerDesignName>
<nullsAllowed>true</nullsAllowed>
<useDomainConstraints>false</useDomainConstraints>
<use>1</use>
<logicalDatatype>LOGDT024</logicalDatatype>
<dataTypeSize>255 BYTE</dataTypeSize>
<ownDataTypeParameters>255 BYTE,,</ownDataTypeParameters>
<autoIncrementCycle>false</autoIncrementCycle>
</Column>
</columns>
<indexes itemClass="oracle.dbtools.crest.model.design.relational.Index">
<ind_PK_UK id="BA5D93F0-12BE-F60D-72B0-94A548812BCF" schemaObject="AC0F42D9-7F4D-1A22-FA8A-39A9F6B30F9D" name="STUDENT_PK">
<sourceConnName>ERD</sourceConnName>
<sourceObjSchema>ERD</sourceObjSchema>
<sourceObjName>SYS_C009418</sourceObjName>
<createdBy>ranar</createdBy>
<createdTime>2024-05-08 01:35:38 UTC</createdTime>
<ownerDesignName>erd</ownerDesignName>
<pk>true</pk>
<indexState>Primary Constraint</indexState>
<isSurrogateKey>false</isSurrogateKey>
<indexColumnUsage>
<colUsage columnID="1781EDE5-47A1-2786-56FC-F47D8F06D75C"/>
</indexColumnUsage>
</ind_PK_UK>
</indexes>
</Table>