<?xml version = '1.0' encoding = 'UTF-8'?>
<Table class="oracle.dbtools.crest.model.design.relational.Table" directorySegmentName="seg_0" id="63F2366E-00DD-9F23-ECEF-F38755BF348E" schemaObject="AC0F42D9-7F4D-1A22-FA8A-39A9F6B30F9D" name="ADMINISTRATIVESTAFFDEPARTMENT">
<sourceConnName>ERD</sourceConnName>
<sourceObjSchema>ERD</sourceObjSchema>
<sourceObjName>ADMINISTRATIVESTAFFDEPARTMENT</sourceObjName>
<createdBy>ranar</createdBy>
<createdTime>2024-05-08 01:34:31 UTC</createdTime>
<ownerDesignName>erd</ownerDesignName>
<allowColumnReorder>false</allowColumnReorder>
<existDependencyGenerateInDDl>true</existDependencyGenerateInDDl>
<parsed>true</parsed>
<columns itemClass="oracle.dbtools.crest.model.design.relational.Column">
<Column name="STAFFID" id="C401522A-41BA-8ACC-E006-0CCC70792BBD">
<sourceConnName>ERD</sourceConnName>
<sourceObjSchema>ADMINISTRATIVESTAFFDEPARTMENT</sourceObjSchema>
<sourceObjName>STAFFID</sourceObjName>
<createdBy>ranar</createdBy>
<createdTime>2024-05-08 01:34:31 UTC</createdTime>
<ownerDesignName>erd</ownerDesignName>
<useDomainConstraints>false</useDomainConstraints>
<use>1</use>
<logicalDatatype>LOGDT019</logicalDatatype>
<ownDataTypeParameters>,,</ownDataTypeParameters>
<autoIncrementCycle>false</autoIncrementCycle>
<associations>
<colAssociation fkAssociation="E1241050-3874-8374-2DD0-8FBD08D078F8" referredColumn="D8813961-275E-677F-F34C-7083C7F3C665"/>
</associations>
</Column>
<Column name="DEPARTMENTID" id="631D88EC-B949-F9BF-881C-B2E0EB90A834">
<sourceConnName>ERD</sourceConnName>
<sourceObjSchema>ADMINISTRATIVESTAFFDEPARTMENT</sourceObjSchema>
<sourceObjName>DEPARTMENTID</sourceObjName>
<createdBy>ranar</createdBy>
<createdTime>2024-05-08 01:34:31 UTC</createdTime>
<ownerDesignName>erd</ownerDesignName>
<useDomainConstraints>false</useDomainConstraints>
<use>1</use>
<logicalDatatype>LOGDT019</logicalDatatype>
<ownDataTypeParameters>,,</ownDataTypeParameters>
<autoIncrementCycle>false</autoIncrementCycle>
<associations>
<colAssociation fkAssociation="B690236B-B788-49E0-11BC-BDC99E20F677" referredColumn="E3DEB693-417A-BF87-863B-551B70B751AA"/>
</associations>
</Column>
</columns>
<indexes itemClass="oracle.dbtools.crest.model.design.relational.Index">
<ind_PK_UK id="921BF4E7-176C-95C7-F4D9-A9CF7C7448FE" schemaObject="AC0F42D9-7F4D-1A22-FA8A-39A9F6B30F9D" name="ADMINISTRATIVESTAFFDEPARTMENT_PK">
<sourceConnName>ERD</sourceConnName>
<sourceObjSchema>ERD</sourceObjSchema>
<sourceObjName>SYS_C009430</sourceObjName>
<createdBy>ranar</createdBy>
<createdTime>2024-05-08 01:34:31 UTC</createdTime>
<ownerDesignName>erd</ownerDesignName>
<pk>true</pk>
<indexState>Primary Constraint</indexState>
<isSurrogateKey>false</isSurrogateKey>
<indexColumnUsage>
<colUsage columnID="C401522A-41BA-8ACC-E006-0CCC70792BBD"/>
<colUsage columnID="631D88EC-B949-F9BF-881C-B2E0EB90A834"/>
</indexColumnUsage>
</ind_PK_UK>
<ind_PK_UK id="E8795B53-12DE-16A6-EA06-B6D5C9FFE247" name="SYS_C009431">
<createdBy>ranar</createdBy>
<createdTime>2024-05-08 01:34:31 UTC</createdTime>
<ownerDesignName>erd</ownerDesignName>
<indexState>Foreign Key</indexState>
<isSurrogateKey>false</isSurrogateKey>
<indexColumnUsage>
<colUsage columnID="C401522A-41BA-8ACC-E006-0CCC70792BBD"/>
</indexColumnUsage>
</ind_PK_UK>
<ind_PK_UK id="06FDA04F-D375-4B0A-4424-BB2BA9029955" name="SYS_C009432">
<createdBy>ranar</createdBy>
<createdTime>2024-05-08 01:34:31 UTC</createdTime>
<ownerDesignName>erd</ownerDesignName>
<indexState>Foreign Key</indexState>
<isSurrogateKey>false</isSurrogateKey>
<indexColumnUsage>
<colUsage columnID="631D88EC-B949-F9BF-881C-B2E0EB90A834"/>
</indexColumnUsage>
</ind_PK_UK>
</indexes>
</Table>