<?xml version = '1.0' encoding = 'UTF-8'?>
<Table class="oracle.dbtools.crest.model.design.relational.Table" directorySegmentName="seg_0" id="749F908B-E81F-7736-F909-536ECDF7DDFF" schemaObject="AC0F42D9-7F4D-1A22-FA8A-39A9F6B30F9D" name="CAMPUS">
<sourceConnName>ERD</sourceConnName>
<sourceObjSchema>ERD</sourceObjSchema>
<sourceObjName>CAMPUS</sourceObjName>
<createdBy>ranar</createdBy>
<createdTime>2024-05-08 01:34:48 UTC</createdTime>
<ownerDesignName>erd</ownerDesignName>
<allowColumnReorder>false</allowColumnReorder>
<existDependencyGenerateInDDl>true</existDependencyGenerateInDDl>
<parsed>true</parsed>
<columns itemClass="oracle.dbtools.crest.model.design.relational.Column">
<Column name="CAMPUSID" id="3C5ED426-CC3A-A33A-6CF4-EC5294D21F30">
<sourceConnName>ERD</sourceConnName>
<sourceObjSchema>CAMPUS</sourceObjSchema>
<sourceObjName>CAMPUSID</sourceObjName>
<createdBy>ranar</createdBy>
<createdTime>2024-05-08 01:34:48 UTC</createdTime>
<ownerDesignName>erd</ownerDesignName>
<useDomainConstraints>false</useDomainConstraints>
<use>1</use>
<logicalDatatype>LOGDT019</logicalDatatype>
<ownDataTypeParameters>,,</ownDataTypeParameters>
<autoIncrementCycle>false</autoIncrementCycle>
</Column>
<Column name="NAME" id="43A7CADB-9CF8-B0E6-8526-1B0D7494D126">
<sourceConnName>ERD</sourceConnName>
<sourceObjSchema>CAMPUS</sourceObjSchema>
<sourceObjName>NAME</sourceObjName>
<createdBy>ranar</createdBy>
<createdTime>2024-05-08 01:34:48 UTC</createdTime>
<ownerDesignName>erd</ownerDesignName>
<nullsAllowed>true</nullsAllowed>
<useDomainConstraints>false</useDomainConstraints>
<use>1</use>
<logicalDatatype>LOGDT024</logicalDatatype>
<dataTypeSize>255 BYTE</dataTypeSize>
<ownDataTypeParameters>255 BYTE,,</ownDataTypeParameters>
<autoIncrementCycle>false</autoIncrementCycle>
</Column>
<Column name="ADDRESS" id="0BD19AC5-2DC3-8510-72B1-83BFCCBF9590">
<sourceConnName>ERD</sourceConnName>
<sourceObjSchema>CAMPUS</sourceObjSchema>
<sourceObjName>ADDRESS</sourceObjName>
<createdBy>ranar</createdBy>
<createdTime>2024-05-08 01:34:48 UTC</createdTime>
<ownerDesignName>erd</ownerDesignName>
<nullsAllowed>true</nullsAllowed>
<useDomainConstraints>false</useDomainConstraints>
<use>1</use>
<logicalDatatype>LOGDT024</logicalDatatype>
<dataTypeSize>255 BYTE</dataTypeSize>
<ownDataTypeParameters>255 BYTE,,</ownDataTypeParameters>
<autoIncrementCycle>false</autoIncrementCycle>
</Column>
</columns>
<indexes itemClass="oracle.dbtools.crest.model.design.relational.Index">
<ind_PK_UK id="A5F4F078-BE7F-A5E1-24A0-840074FA27E7" schemaObject="AC0F42D9-7F4D-1A22-FA8A-39A9F6B30F9D" name="CAMPUS_PK">
<sourceConnName>ERD</sourceConnName>
<sourceObjSchema>ERD</sourceObjSchema>
<sourceObjName>SYS_C009419</sourceObjName>
<createdBy>ranar</createdBy>
<createdTime>2024-05-08 01:34:48 UTC</createdTime>
<ownerDesignName>erd</ownerDesignName>
<pk>true</pk>
<indexState>Primary Constraint</indexState>
<isSurrogateKey>false</isSurrogateKey>
<indexColumnUsage>
<colUsage columnID="3C5ED426-CC3A-A33A-6CF4-EC5294D21F30"/>
</indexColumnUsage>
</ind_PK_UK>
</indexes>
</Table>