<?xml version = '1.0' encoding = 'UTF-8'?>
<Table class="oracle.dbtools.crest.model.design.relational.Table" directorySegmentName="seg_0" id="C9855093-1456-DAD5-5FBB-BD2F9D5733A1" schemaObject="AC0F42D9-7F4D-1A22-FA8A-39A9F6B30F9D" name="FACULTYDEPARTMENT">
<sourceConnName>ERD</sourceConnName>
<sourceObjSchema>ERD</sourceObjSchema>
<sourceObjName>FACULTYDEPARTMENT</sourceObjName>
<createdBy>ranar</createdBy>
<createdTime>2024-05-08 01:35:32 UTC</createdTime>
<ownerDesignName>erd</ownerDesignName>
<allowColumnReorder>false</allowColumnReorder>
<existDependencyGenerateInDDl>true</existDependencyGenerateInDDl>
<parsed>true</parsed>
<columns itemClass="oracle.dbtools.crest.model.design.relational.Column">
<Column name="FACULTYID" id="625A2BB4-958B-4FE1-8427-9AB30DCE4751">
<sourceConnName>ERD</sourceConnName>
<sourceObjSchema>FACULTYDEPARTMENT</sourceObjSchema>
<sourceObjName>FACULTYID</sourceObjName>
<createdBy>ranar</createdBy>
<createdTime>2024-05-08 01:35:32 UTC</createdTime>
<ownerDesignName>erd</ownerDesignName>
<useDomainConstraints>false</useDomainConstraints>
<use>1</use>
<logicalDatatype>LOGDT019</logicalDatatype>
<ownDataTypeParameters>,,</ownDataTypeParameters>
<autoIncrementCycle>false</autoIncrementCycle>
<associations>
<colAssociation fkAssociation="B3304247-93B6-BA5E-FF09-1674D046829A" referredColumn="9944A823-104E-FA9C-53E4-171EF6063B8B"/>
</associations>
</Column>
<Column name="DEPARTMENTID" id="51FD03B9-1E2E-550D-B6C1-9EA9DDD2EBE0">
<sourceConnName>ERD</sourceConnName>
<sourceObjSchema>FACULTYDEPARTMENT</sourceObjSchema>
<sourceObjName>DEPARTMENTID</sourceObjName>
<createdBy>ranar</createdBy>
<createdTime>2024-05-08 01:35:32 UTC</createdTime>
<ownerDesignName>erd</ownerDesignName>
<useDomainConstraints>false</useDomainConstraints>
<use>1</use>
<logicalDatatype>LOGDT019</logicalDatatype>
<ownDataTypeParameters>,,</ownDataTypeParameters>
<autoIncrementCycle>false</autoIncrementCycle>
<associations>
<colAssociation fkAssociation="C14C3FB0-0A82-4740-BE79-DB06AA3B056B" referredColumn="E3DEB693-417A-BF87-863B-551B70B751AA"/>
</associations>
</Column>
</columns>
<indexes itemClass="oracle.dbtools.crest.model.design.relational.Index">
<ind_PK_UK id="EA03BD25-D06F-6116-EA4C-95B6399FCD4A" schemaObject="AC0F42D9-7F4D-1A22-FA8A-39A9F6B30F9D" name="FACULTYDEPARTMENT_PK">
<sourceConnName>ERD</sourceConnName>
<sourceObjSchema>ERD</sourceObjSchema>
<sourceObjName>SYS_C009421</sourceObjName>
<createdBy>ranar</createdBy>
<createdTime>2024-05-08 01:35:32 UTC</createdTime>
<ownerDesignName>erd</ownerDesignName>
<pk>true</pk>
<indexState>Primary Constraint</indexState>
<isSurrogateKey>false</isSurrogateKey>
<indexColumnUsage>
<colUsage columnID="625A2BB4-958B-4FE1-8427-9AB30DCE4751"/>
<colUsage columnID="51FD03B9-1E2E-550D-B6C1-9EA9DDD2EBE0"/>
</indexColumnUsage>
</ind_PK_UK>
<ind_PK_UK id="63E1BCE9-FE94-0B5E-8391-218410DE8A91" name="SYS_C009422">
<createdBy>ranar</createdBy>
<createdTime>2024-05-08 01:35:32 UTC</createdTime>
<ownerDesignName>erd</ownerDesignName>
<indexState>Foreign Key</indexState>
<isSurrogateKey>false</isSurrogateKey>
<indexColumnUsage>
<colUsage columnID="625A2BB4-958B-4FE1-8427-9AB30DCE4751"/>
</indexColumnUsage>
</ind_PK_UK>
<ind_PK_UK id="1DB0DA60-8B0F-D916-D2CF-0B651A20BA9D" name="SYS_C009423">
<createdBy>ranar</createdBy>
<createdTime>2024-05-08 01:35:32 UTC</createdTime>
<ownerDesignName>erd</ownerDesignName>
<indexState>Foreign Key</indexState>
<isSurrogateKey>false</isSurrogateKey>
<indexColumnUsage>
<colUsage columnID="51FD03B9-1E2E-550D-B6C1-9EA9DDD2EBE0"/>
</indexColumnUsage>
</ind_PK_UK>
</indexes>
</Table>