<?xml version = '1.0' encoding = 'UTF-8'?>
<FKIndexAssociation class="oracle.dbtools.crest.model.design.relational.FKIndexAssociation" directorySegmentName="seg_0" id="8D2E02EE-0EFC-CC27-4B7A-6D2EB75494C5" containerWithKeyObject="0B4DF9DA-F3CD-3B99-9F1F-4E317AA07C24" localFKIndex="4A6036B0-D6CF-291B-0BDE-696007616137" name="SYS_C009425">
<sourceConnName>ERD</sourceConnName>
<sourceObjSchema>ERD</sourceObjSchema>
<sourceObjName>SYS_C009425</sourceObjName>
<createdBy>ranar</createdBy>
<createdTime>2024-05-08 01:35:20 UTC</createdTime>
<ownerDesignName>erd1</ownerDesignName>
<referredTableLongName>ERD.FACULTY</referredTableLongName>
<deleteRule>NO ACTION</deleteRule>
<referredTableID>384805A1-D116-68C1-C2B1-031FB3E3E7E4</referredTableID>
<keyObject>4C3B0925-21BA-6C8A-B743-BEF2EF567839</keyObject>
<referredKeyID>4C3B0925-21BA-6C8A-B743-BEF2EF567839</referredKeyID>
<mandatory>true</mandatory>
<refColNames>FACULTYID</refColNames>
<transferable>true</transferable>
<rely>false</rely>
<columnDependencyConstraintGenerateInDDL>true</columnDependencyConstraintGenerateInDDL>
</FKIndexAssociation>