<?xml version = '1.0' encoding = 'UTF-8'?>
<FKIndexAssociation class="oracle.dbtools.crest.model.design.relational.FKIndexAssociation" directorySegmentName="seg_0" id="936F3BC4-3BC3-5939-D360-07673A7C6F5C" containerWithKeyObject="057A9C70-612A-EE30-FEAA-120839C44CAC" localFKIndex="40521ADC-A452-A6C5-72CA-013D142D469D" name="SYS_C009428">
<sourceConnName>ERD</sourceConnName>
<sourceObjSchema>ERD</sourceObjSchema>
<sourceObjName>SYS_C009428</sourceObjName>
<createdBy>ranar</createdBy>
<createdTime>2024-05-08 01:35:53 UTC</createdTime>
<ownerDesignName>erd1</ownerDesignName>
<referredTableLongName>ERD.STUDENT</referredTableLongName>
<deleteRule>NO ACTION</deleteRule>
<referredTableID>1B0F4197-23DA-1108-F30A-3C7025346BAE</referredTableID>
<keyObject>BA5D93F0-12BE-F60D-72B0-94A548812BCF</keyObject>
<referredKeyID>BA5D93F0-12BE-F60D-72B0-94A548812BCF</referredKeyID>
<mandatory>true</mandatory>
<refColNames>STUDENTID</refColNames>
<transferable>true</transferable>
<rely>false</rely>
<columnDependencyConstraintGenerateInDDL>true</columnDependencyConstraintGenerateInDDL>
</FKIndexAssociation>