<?xml version = '1.0' encoding = 'UTF-8'?>
<FKIndexAssociation class="oracle.dbtools.crest.model.design.relational.FKIndexAssociation" directorySegmentName="seg_0" id="D0C4E3FD-0C0D-1198-543B-4FF342FDF125" containerWithKeyObject="057A9C70-612A-EE30-FEAA-120839C44CAC" localFKIndex="DA8CDC4B-B0B2-7223-0B7B-204B550DC8C9" name="SYS_C009429">
<sourceConnName>ERD</sourceConnName>
<sourceObjSchema>ERD</sourceObjSchema>
<sourceObjName>SYS_C009429</sourceObjName>
<createdBy>ranar</createdBy>
<createdTime>2024-05-08 01:35:53 UTC</createdTime>
<ownerDesignName>erd1</ownerDesignName>
<referredTableLongName>ERD.COURSE</referredTableLongName>
<deleteRule>NO ACTION</deleteRule>
<referredTableID>39235BED-A1C6-7A3C-F171-52F03B04432B</referredTableID>
<keyObject>69675A50-E974-C284-20F2-80776547F5FF</keyObject>
<referredKeyID>69675A50-E974-C284-20F2-80776547F5FF</referredKeyID>
<mandatory>true</mandatory>
<refColNames>COURSEID</refColNames>
<transferable>true</transferable>
<rely>false</rely>
<columnDependencyConstraintGenerateInDDL>true</columnDependencyConstraintGenerateInDDL>
</FKIndexAssociation>