<?xml version = '1.0' encoding = 'UTF-8'?>
<Diagram class="oracle.dbtools.crest.swingui.logical.DPVLogical" name="Logical" id="27BE9817-0F18-C7B2-E8FD-0C960A7FB2B9">
<createdBy>ranar</createdBy>
<modifiedBy>ranar</modifiedBy>
<createdTime>2024-05-08 01:39:26 UTC</createdTime>
<autoRoute>false</autoRoute>
<boxInbox>true</boxInbox>
<showLegend>false</showLegend>
<showLabels>false</showLabels>
<showRelAttributes>false</showRelAttributes>
<gridEnabled>false</gridEnabled>
<showGrid>false</showGrid>
<diagramColor>-1</diagramColor>
<display>false</display>
<notation>1</notation>
<objectViews>
<OView class="oracle.dbtools.crest.swingui.logical.TVEntity" oid="0201E803-7E13-F501-88D5-40998547B05A" otype="Entity" vid="DFD415AA-18BF-73A8-EEEE-6D9694291A29">
<hideElementsInCurrentOnly>false</hideElementsInCurrentOnly>
<bounds x="230" y="864" width="254" height="88"/>
</OView>
<OView class="oracle.dbtools.crest.swingui.logical.TVEntity" oid="0532FD5D-BCCE-A5B8-900E-976BA682ACE0" otype="Entity" vid="36E78DA6-0050-3738-B6AF-98CFDDB01829">
<hideElementsInCurrentOnly>false</hideElementsInCurrentOnly>
<bounds x="481" y="42" width="332" height="108"/>
</OView>
<OView class="oracle.dbtools.crest.swingui.logical.TVEntity" oid="2ED9B3AD-6F15-D073-3DAD-91FF09A989DE" otype="Entity" vid="A1D3E873-2F13-5465-86D1-990591B30995">
<hideElementsInCurrentOnly>false</hideElementsInCurrentOnly>
<bounds x="121" y="49" width="228" height="88"/>
</OView>
<OView class="oracle.dbtools.crest.swingui.logical.TVEntity" oid="4FE95B3C-E678-BA07-72AF-DBE938ADD0CB" otype="Entity" vid="BF2A6DBB-CE45-9960-7E15-66BAC52B3994">
<hideElementsInCurrentOnly>false</hideElementsInCurrentOnly>
<bounds x="94" y="711" width="328" height="108"/>
</OView>
<OView class="oracle.dbtools.crest.swingui.logical.TVEntity" oid="62C453D2-0006-7B86-937A-913F6AA5CFE4" otype="Entity" vid="6D251E11-0895-BF33-8912-283DE2B71148">
<hideElementsInCurrentOnly>false</hideElementsInCurrentOnly>
<bounds x="590" y="470" width="264" height="108"/>
</OView>
<OView class="oracle.dbtools.crest.swingui.logical.TVEntity" oid="7DA7A323-8349-17AC-A993-F322E617EBC7" otype="Entity" vid="72661CD8-6367-A8BA-AC44-7CBDAA95854A">
<hideElementsInCurrentOnly>false</hideElementsInCurrentOnly>
<bounds x="2" y="1012" width="270" height="108"/>
</OView>
<OView class="oracle.dbtools.crest.swingui.logical.TVEntity" oid="8B9DE56E-3935-A281-C84D-CBE363558D67" otype="Entity" vid="0DBB6A39-61D8-3EAA-EE00-04874A3BB0E1">
<hideElementsInCurrentOnly>false</hideElementsInCurrentOnly>
<bounds x="150" y="1142" width="231" height="88"/>
</OView>
<OView class="oracle.dbtools.crest.swingui.logical.TVEntity" oid="90073C4A-483D-D1D0-6061-282E1DCE094A" otype="Entity" vid="F6D28228-0D57-B756-F69B-BC7D94879006">
<hideElementsInCurrentOnly>false</hideElementsInCurrentOnly>
<bounds x="553" y="1079" width="274" height="108"/>
</OView>
<OView class="oracle.dbtools.crest.swingui.logical.TVEntity" oid="9EF7ECA7-82B0-4B1F-E97D-E796ED6C564C" otype="Entity" vid="E3D16703-D92E-CA0A-1EF5-31C7D425AD26">
<hideElementsInCurrentOnly>false</hideElementsInCurrentOnly>
<bounds x="20" y="366" width="388" height="108"/>
</OView>
<OView class="oracle.dbtools.crest.swingui.logical.TVEntity" oid="D130222C-8D3D-2DC6-82E7-5B9E306DAD08" otype="Entity" vid="052FF612-2B07-3660-0F4F-FC3417DC2528">
<hideElementsInCurrentOnly>false</hideElementsInCurrentOnly>
<bounds x="733" y="846" width="246" height="88"/>
</OView>
<OView class="oracle.dbtools.crest.swingui.logical.TVEntity" oid="DB2C1F6C-215E-95F9-F0D6-132E84F494DD" otype="Entity" vid="D7B7D6BE-F623-59C8-5312-9CABB9EFD4B2">
<hideElementsInCurrentOnly>false</hideElementsInCurrentOnly>
<bounds x="568" y="239" width="226" height="153"/>
</OView>
<OView class="oracle.dbtools.crest.swingui.logical.TVEntity" oid="DC39C094-61B3-09D8-98AB-EA86EB31CF39" otype="Entity" vid="1A786377-09CD-3D6E-DA36-F568518CF72D">
<hideElementsInCurrentOnly>false</hideElementsInCurrentOnly>
<bounds x="85" y="547" width="254" height="83"/>
</OView>
</objectViews>
<connectors>
<Connector class="oracle.dbtools.crest.swingui.logical.TVRelation" oid="0C9AAC35-4E99-81FF-9237-93A9F4F10D7A" otype="Relation" vid_source="D7B7D6BE-F623-59C8-5312-9CABB9EFD4B2" vid_target="36E78DA6-0050-3738-B6AF-98CFDDB01829">
<hideElementsInCurrentOnly>false</hideElementsInCurrentOnly>
<backgroundColor>-16777216</backgroundColor>
<lineWidth>1</lineWidth>
<points>
<point x="681" y="239"/>
<point x="681" y="150"/>
</points>
</Connector>
<Connector class="oracle.dbtools.crest.swingui.logical.TVRelation" oid="3E673FED-A155-56DD-A405-55A57B55F7A8" otype="Relation" vid_source="D7B7D6BE-F623-59C8-5312-9CABB9EFD4B2" vid_target="6D251E11-0895-BF33-8912-283DE2B71148">
<hideElementsInCurrentOnly>false</hideElementsInCurrentOnly>
<backgroundColor>-16777216</backgroundColor>
<lineWidth>1</lineWidth>
<points>
<point x="692" y="392"/>
<point x="692" y="470"/>
</points>
</Connector>
<Connector class="oracle.dbtools.crest.swingui.logical.TVRelation" oid="46455589-D353-DFDB-F6BB-68E1F5879292" otype="Relation" vid_source="1A786377-09CD-3D6E-DA36-F568518CF72D" vid_target="E3D16703-D92E-CA0A-1EF5-31C7D425AD26">
<hideElementsInCurrentOnly>false</hideElementsInCurrentOnly>
<backgroundColor>-16777216</backgroundColor>
<lineWidth>1</lineWidth>
<points>
<point x="212" y="547"/>
<point x="212" y="474"/>
</points>
</Connector>
<Connector class="oracle.dbtools.crest.swingui.logical.TVRelation" oid="5EBF55DE-C577-590D-E554-1C3A5F557FEB" otype="Relation" vid_source="DFD415AA-18BF-73A8-EEEE-6D9694291A29" vid_target="BF2A6DBB-CE45-9960-7E15-66BAC52B3994">
<hideElementsInCurrentOnly>false</hideElementsInCurrentOnly>
<backgroundColor>-16777216</backgroundColor>
<lineWidth>1</lineWidth>
<points>
<point x="326" y="864"/>
<point x="326" y="819"/>
</points>
</Connector>
<Connector class="oracle.dbtools.crest.swingui.logical.TVRelation" oid="602C2FE8-BC02-4254-29E2-36CBCA2518B9" otype="Relation" vid_source="A1D3E873-2F13-5465-86D1-990591B30995" vid_target="36E78DA6-0050-3738-B6AF-98CFDDB01829">
<hideElementsInCurrentOnly>false</hideElementsInCurrentOnly>
<backgroundColor>-16777216</backgroundColor>
<lineWidth>1</lineWidth>
<points>
<point x="349" y="93"/>
<point x="481" y="93"/>
</points>
</Connector>
<Connector class="oracle.dbtools.crest.swingui.logical.TVRelation" oid="6E393098-A33F-5466-58BC-CE00511FD96A" otype="Relation" vid_source="DFD415AA-18BF-73A8-EEEE-6D9694291A29" vid_target="72661CD8-6367-A8BA-AC44-7CBDAA95854A">
<hideElementsInCurrentOnly>false</hideElementsInCurrentOnly>
<backgroundColor>-16777216</backgroundColor>
<lineWidth>1</lineWidth>
<points>
<point x="251" y="952"/>
<point x="251" y="1012"/>
</points>
</Connector>
<Connector class="oracle.dbtools.crest.swingui.logical.TVRelation" oid="7F2B1009-9318-00BF-3DEE-B7D62B651368" otype="Relation" vid_source="A1D3E873-2F13-5465-86D1-990591B30995" vid_target="E3D16703-D92E-CA0A-1EF5-31C7D425AD26">
<hideElementsInCurrentOnly>false</hideElementsInCurrentOnly>
<backgroundColor>-16777216</backgroundColor>
<lineWidth>1</lineWidth>
<points>
<point x="250" y="137"/>
<point x="250" y="366"/>
</points>
</Connector>
<Connector class="oracle.dbtools.crest.swingui.logical.TVRelation" oid="B959C897-B70E-3561-46DB-8BA82B41EDED" otype="Relation" vid_source="0DBB6A39-61D8-3EAA-EE00-04874A3BB0E1" vid_target="F6D28228-0D57-B756-F69B-BC7D94879006">
<hideElementsInCurrentOnly>false</hideElementsInCurrentOnly>
<backgroundColor>-16777216</backgroundColor>
<lineWidth>1</lineWidth>
<points>
<point x="381" y="1164"/>
<point x="553" y="1164"/>
</points>
</Connector>
<Connector class="oracle.dbtools.crest.swingui.logical.TVRelation" oid="C64FA83D-75C0-1BFF-7889-79A9AC6BA54D" otype="Relation" vid_source="052FF612-2B07-3660-0F4F-FC3417DC2528" vid_target="F6D28228-0D57-B756-F69B-BC7D94879006">
<hideElementsInCurrentOnly>false</hideElementsInCurrentOnly>
<backgroundColor>-16777216</backgroundColor>
<lineWidth>1</lineWidth>
<points>
<point x="780" y="934"/>
<point x="780" y="1079"/>
</points>
</Connector>
<Connector class="oracle.dbtools.crest.swingui.logical.TVRelation" oid="DFE37655-F50B-FDDC-05CF-8BBE9DE2E4E1" otype="Relation" vid_source="1A786377-09CD-3D6E-DA36-F568518CF72D" vid_target="BF2A6DBB-CE45-9960-7E15-66BAC52B3994">
<hideElementsInCurrentOnly>false</hideElementsInCurrentOnly>
<backgroundColor>-16777216</backgroundColor>
<lineWidth>1</lineWidth>
<points>
<point x="216" y="630"/>
<point x="216" y="711"/>
</points>
</Connector>
<Connector class="oracle.dbtools.crest.swingui.logical.TVRelation" oid="F281662B-7FE2-1D83-0798-518460CE8C04" otype="Relation" vid_source="052FF612-2B07-3660-0F4F-FC3417DC2528" vid_target="6D251E11-0895-BF33-8912-283DE2B71148">
<hideElementsInCurrentOnly>false</hideElementsInCurrentOnly>
<backgroundColor>-16777216</backgroundColor>
<lineWidth>1</lineWidth>
<points>
<point x="808" y="846"/>
<point x="808" y="578"/>
</points>
</Connector>
<Connector class="oracle.dbtools.crest.swingui.logical.TVRelation" oid="F31B87F1-F01C-EBAF-481C-DD6F357CEF7D" otype="Relation" vid_source="052FF612-2B07-3660-0F4F-FC3417DC2528" vid_target="72661CD8-6367-A8BA-AC44-7CBDAA95854A">
<hideElementsInCurrentOnly>false</hideElementsInCurrentOnly>
<backgroundColor>-16777216</backgroundColor>
<lineWidth>1</lineWidth>
<points>
<point x="733" y="920"/>
<point x="272" y="1032"/>
</points>
</Connector>
</connectors>
</Diagram>