<?xml version = '1.0' encoding = 'UTF-8'?>
<Relation class="oracle.dbtools.crest.model.design.logical.Relation" name="SYS_C009435" directorySegmentName="seg_0" id="0C9AAC35-4E99-81FF-9237-93A9F4F10D7A">
<createdBy>ranar</createdBy>
<createdTime>2024-05-08 01:39:26 UTC</createdTime>
<generatorID>216BB895-E188-BA8F-C496-37CA9412FB51</generatorID>
<ownerDesignName>erd1</ownerDesignName>
<engineerTo>
<item key="FC57CB40-45E0-00A4-FD36-E1BB8A459C58" value="true"/>
</engineerTo>
<sourcePk>00584679-E84E-6305-E4F2-68C2C01CF2DB</sourcePk>
<identifying>true</identifying>
<optionalSource>true</optionalSource>
<optionalTarget>false</optionalTarget>
<sourceCardinality>1</sourceCardinality>
<sourceEntity>DB2C1F6C-215E-95F9-F0D6-132E84F494DD</sourceEntity>
<targetCardinalityString>*</targetCardinalityString>
<targetEntity>0532FD5D-BCCE-A5B8-900E-976BA682ACE0</targetEntity>
<transferable>true</transferable>
<deleteRule>NO ACTION</deleteRule>
</Relation>