<?xml version = '1.0' encoding = 'UTF-8'?>
<Relation class="oracle.dbtools.crest.model.design.logical.Relation" name="SYS_C009438" directorySegmentName="seg_0" id="3E673FED-A155-56DD-A405-55A57B55F7A8">
<createdBy>ranar</createdBy>
<createdTime>2024-05-08 01:39:26 UTC</createdTime>
<generatorID>9A7A0D75-00FF-4634-A16A-6D177CD7ACBC</generatorID>
<ownerDesignName>erd1</ownerDesignName>
<engineerTo>
<item key="FC57CB40-45E0-00A4-FD36-E1BB8A459C58" value="true"/>
</engineerTo>
<sourcePk>00584679-E84E-6305-E4F2-68C2C01CF2DB</sourcePk>
<identifying>true</identifying>
<optionalSource>true</optionalSource>
<optionalTarget>false</optionalTarget>
<sourceCardinality>1</sourceCardinality>
<sourceEntity>DB2C1F6C-215E-95F9-F0D6-132E84F494DD</sourceEntity>
<targetCardinalityString>*</targetCardinalityString>
<targetEntity>62C453D2-0006-7B86-937A-913F6AA5CFE4</targetEntity>
<transferable>true</transferable>
<deleteRule>NO ACTION</deleteRule>
</Relation>