<?xml version = '1.0' encoding = 'UTF-8'?>
<Relation class="oracle.dbtools.crest.model.design.logical.Relation" name="SYS_C009432" directorySegmentName="seg_0" id="46455589-D353-DFDB-F6BB-68E1F5879292">
<createdBy>ranar</createdBy>
<createdTime>2024-05-08 01:39:26 UTC</createdTime>
<generatorID>B690236B-B788-49E0-11BC-BDC99E20F677</generatorID>
<ownerDesignName>erd1</ownerDesignName>
<engineerTo>
<item key="FC57CB40-45E0-00A4-FD36-E1BB8A459C58" value="true"/>
</engineerTo>
<sourcePk>A4563055-77FC-1D05-8E39-C4265CD0CDFB</sourcePk>
<identifying>true</identifying>
<optionalSource>true</optionalSource>
<optionalTarget>false</optionalTarget>
<sourceCardinality>1</sourceCardinality>
<sourceEntity>DC39C094-61B3-09D8-98AB-EA86EB31CF39</sourceEntity>
<targetCardinalityString>*</targetCardinalityString>
<targetEntity>9EF7ECA7-82B0-4B1F-E97D-E796ED6C564C</targetEntity>
<transferable>true</transferable>
<deleteRule>NO ACTION</deleteRule>
</Relation>