<?xml version = '1.0' encoding = 'UTF-8'?>
<Relation class="oracle.dbtools.crest.model.design.logical.Relation" name="SYS_C009434" directorySegmentName="seg_0" id="602C2FE8-BC02-4254-29E2-36CBCA2518B9">
<createdBy>ranar</createdBy>
<createdTime>2024-05-08 01:39:26 UTC</createdTime>
<generatorID>61B65FCC-8C1D-7AB6-B251-DBD3CDAAD460</generatorID>
<ownerDesignName>erd1</ownerDesignName>
<engineerTo>
<item key="FC57CB40-45E0-00A4-FD36-E1BB8A459C58" value="true"/>
</engineerTo>
<sourcePk>996DBCEE-DA18-3EA7-D620-B2BF243FE229</sourcePk>
<identifying>true</identifying>
<optionalSource>true</optionalSource>
<optionalTarget>false</optionalTarget>
<sourceCardinality>1</sourceCardinality>
<sourceEntity>2ED9B3AD-6F15-D073-3DAD-91FF09A989DE</sourceEntity>
<targetCardinalityString>*</targetCardinalityString>
<targetEntity>0532FD5D-BCCE-A5B8-900E-976BA682ACE0</targetEntity>
<transferable>true</transferable>
<deleteRule>NO ACTION</deleteRule>
</Relation>