<?xml version = '1.0' encoding = 'UTF-8'?>
<Relation class="oracle.dbtools.crest.model.design.logical.Relation" name="SYS_C009425" directorySegmentName="seg_0" id="6E393098-A33F-5466-58BC-CE00511FD96A">
<createdBy>ranar</createdBy>
<createdTime>2024-05-08 01:39:26 UTC</createdTime>
<generatorID>8D2E02EE-0EFC-CC27-4B7A-6D2EB75494C5</generatorID>
<ownerDesignName>erd1</ownerDesignName>
<engineerTo>
<item key="FC57CB40-45E0-00A4-FD36-E1BB8A459C58" value="true"/>
</engineerTo>
<sourcePk>19D99B53-01CB-2CAC-CD73-870267F11A10</sourcePk>
<identifying>true</identifying>
<optionalSource>true</optionalSource>
<optionalTarget>false</optionalTarget>
<sourceCardinality>1</sourceCardinality>
<sourceEntity>0201E803-7E13-F501-88D5-40998547B05A</sourceEntity>
<targetCardinalityString>*</targetCardinalityString>
<targetEntity>7DA7A323-8349-17AC-A993-F322E617EBC7</targetEntity>
<transferable>true</transferable>
<deleteRule>NO ACTION</deleteRule>
</Relation>