<?xml version = '1.0' encoding = 'UTF-8'?>
<Relation class="oracle.dbtools.crest.model.design.logical.Relation" name="SYS_C009431" directorySegmentName="seg_0" id="7F2B1009-9318-00BF-3DEE-B7D62B651368">
<createdBy>ranar</createdBy>
<createdTime>2024-05-08 01:39:26 UTC</createdTime>
<generatorID>E1241050-3874-8374-2DD0-8FBD08D078F8</generatorID>
<ownerDesignName>erd1</ownerDesignName>
<engineerTo>
<item key="FC57CB40-45E0-00A4-FD36-E1BB8A459C58" value="true"/>
</engineerTo>
<sourcePk>996DBCEE-DA18-3EA7-D620-B2BF243FE229</sourcePk>
<identifying>true</identifying>
<optionalSource>true</optionalSource>
<optionalTarget>false</optionalTarget>
<sourceCardinality>1</sourceCardinality>
<sourceEntity>2ED9B3AD-6F15-D073-3DAD-91FF09A989DE</sourceEntity>
<targetCardinalityString>*</targetCardinalityString>
<targetEntity>9EF7ECA7-82B0-4B1F-E97D-E796ED6C564C</targetEntity>
<transferable>true</transferable>
<deleteRule>NO ACTION</deleteRule>
</Relation>