<?xml version = '1.0' encoding = 'UTF-8'?>
<Relation class="oracle.dbtools.crest.model.design.logical.Relation" name="SYS_C009428" directorySegmentName="seg_0" id="B959C897-B70E-3561-46DB-8BA82B41EDED">
<createdBy>ranar</createdBy>
<createdTime>2024-05-08 01:39:26 UTC</createdTime>
<generatorID>936F3BC4-3BC3-5939-D360-07673A7C6F5C</generatorID>
<ownerDesignName>erd1</ownerDesignName>
<engineerTo>
<item key="FC57CB40-45E0-00A4-FD36-E1BB8A459C58" value="true"/>
</engineerTo>
<sourcePk>F13AF413-E449-6744-5569-73633057B138</sourcePk>
<identifying>true</identifying>
<optionalSource>true</optionalSource>
<optionalTarget>false</optionalTarget>
<sourceCardinality>1</sourceCardinality>
<sourceEntity>8B9DE56E-3935-A281-C84D-CBE363558D67</sourceEntity>
<targetCardinalityString>*</targetCardinalityString>
<targetEntity>90073C4A-483D-D1D0-6061-282E1DCE094A</targetEntity>
<transferable>true</transferable>
<deleteRule>NO ACTION</deleteRule>
</Relation>