<?xml version = '1.0' encoding = 'UTF-8'?>
<Relation class="oracle.dbtools.crest.model.design.logical.Relation" name="SYS_C009423" directorySegmentName="seg_0" id="DFE37655-F50B-FDDC-05CF-8BBE9DE2E4E1">
<createdBy>ranar</createdBy>
<createdTime>2024-05-08 01:39:26 UTC</createdTime>
<generatorID>C14C3FB0-0A82-4740-BE79-DB06AA3B056B</generatorID>
<ownerDesignName>erd1</ownerDesignName>
<engineerTo>
<item key="FC57CB40-45E0-00A4-FD36-E1BB8A459C58" value="true"/>
</engineerTo>
<sourcePk>A4563055-77FC-1D05-8E39-C4265CD0CDFB</sourcePk>
<identifying>true</identifying>
<optionalSource>true</optionalSource>
<optionalTarget>false</optionalTarget>
<sourceCardinality>1</sourceCardinality>
<sourceEntity>DC39C094-61B3-09D8-98AB-EA86EB31CF39</sourceEntity>
<targetCardinalityString>*</targetCardinalityString>
<targetEntity>4FE95B3C-E678-BA07-72AF-DBE938ADD0CB</targetEntity>
<transferable>true</transferable>
<deleteRule>NO ACTION</deleteRule>
</Relation>