<?xml version = '1.0' encoding = 'UTF-8'?>
<Relation class="oracle.dbtools.crest.model.design.logical.Relation" name="SYS_C009437" directorySegmentName="seg_0" id="F281662B-7FE2-1D83-0798-518460CE8C04">
<createdBy>ranar</createdBy>
<createdTime>2024-05-08 01:39:26 UTC</createdTime>
<generatorID>541B62DD-C89F-DC16-B0D5-46F301248F2D</generatorID>
<ownerDesignName>erd1</ownerDesignName>
<engineerTo>
<item key="FC57CB40-45E0-00A4-FD36-E1BB8A459C58" value="true"/>
</engineerTo>
<sourcePk>D0FB9339-8E4D-E5BA-8D13-27E29C15BAD4</sourcePk>
<identifying>true</identifying>
<optionalSource>true</optionalSource>
<optionalTarget>false</optionalTarget>
<sourceCardinality>1</sourceCardinality>
<sourceEntity>D130222C-8D3D-2DC6-82E7-5B9E306DAD08</sourceEntity>
<targetCardinalityString>*</targetCardinalityString>
<targetEntity>62C453D2-0006-7B86-937A-913F6AA5CFE4</targetEntity>
<transferable>true</transferable>
<deleteRule>NO ACTION</deleteRule>
</Relation>