<?xml version = '1.0' encoding = 'UTF-8'?>
<Entity class="oracle.dbtools.crest.model.design.logical.Entity" directorySegmentName="seg_0" id="8B9DE56E-3935-A281-C84D-CBE363558D67" name="STUDENT">
<createdBy>ranar</createdBy>
<createdTime>2024-05-08 01:39:26 UTC</createdTime>
<generatorID>1B0F4197-23DA-1108-F30A-3C7025346BAE</generatorID>
<ownerDesignName>erd1</ownerDesignName>
<engineerTo>
<item key="FC57CB40-45E0-00A4-FD36-E1BB8A459C58" value="true"/>
</engineerTo>
<adequatelyNormalized>NO</adequatelyNormalized>
<expectedVolumes>0</expectedVolumes>
<fwdEngineeringStrategyName>Single Table</fwdEngineeringStrategyName>
<growthPercent>0</growthPercent>
<growthType>Year</growthType>
<maxVolumes>9999999</maxVolumes>
<minVolumes>0</minVolumes>
<normalForm>Third</normalForm>
<attributes itemClass="oracle.dbtools.crest.model.design.logical.Attribute">
<Attribute name="STUDENTID" id="7DC5D71C-0FCB-63E1-1D6F-ED0E4CE75ABF">
<createdBy>ranar</createdBy>
<createdTime>2024-05-08 01:39:26 UTC</createdTime>
<generatorID>1781EDE5-47A1-2786-56FC-F47D8F06D75C</generatorID>
<ownerDesignName>erd1</ownerDesignName>
<engineerTo>
<item key="FC57CB40-45E0-00A4-FD36-E1BB8A459C58" value="true"/>
</engineerTo>
<useDomainConstraints>false</useDomainConstraints>
<use>1</use>
<logicalDatatype>LOGDT019</logicalDatatype>
<ownDataTypeParameters>,,</ownDataTypeParameters>
</Attribute>
<Attribute name="NAME" id="91CC7D1A-0575-AAE3-85C2-274C6DE68E20">
<createdBy>ranar</createdBy>
<createdTime>2024-05-08 01:39:26 UTC</createdTime>
<generatorID>8CBEEC9E-136E-7B9A-10C2-6EB97715C808</generatorID>
<ownerDesignName>erd1</ownerDesignName>
<engineerTo>
<item key="FC57CB40-45E0-00A4-FD36-E1BB8A459C58" value="true"/>
</engineerTo>
<nullsAllowed>true</nullsAllowed>
<useDomainConstraints>false</useDomainConstraints>
<use>1</use>
<logicalDatatype>LOGDT024</logicalDatatype>
<dataTypeSize>255 BYTE</dataTypeSize>
<ownDataTypeParameters>255 BYTE,,</ownDataTypeParameters>
</Attribute>
<Attribute name="MAJOR" id="EE2A41F1-7E6E-041F-E39C-049115DD1C96">
<createdBy>ranar</createdBy>
<createdTime>2024-05-08 01:39:26 UTC</createdTime>
<generatorID>425C28B3-0087-25F6-89DC-D63530DE0DD2</generatorID>
<ownerDesignName>erd1</ownerDesignName>
<engineerTo>
<item key="FC57CB40-45E0-00A4-FD36-E1BB8A459C58" value="true"/>
</engineerTo>
<nullsAllowed>true</nullsAllowed>
<useDomainConstraints>false</useDomainConstraints>
<use>1</use>
<logicalDatatype>LOGDT024</logicalDatatype>
<dataTypeSize>255 BYTE</dataTypeSize>
<ownDataTypeParameters>255 BYTE,,</ownDataTypeParameters>
</Attribute>
</attributes>
<identifiers itemClass="oracle.dbtools.crest.model.design.logical.CandidateKey">
<identifier id="F13AF413-E449-6744-5569-73633057B138" name="STUDENT PK">
<createdBy>ranar</createdBy>
<createdTime>2024-05-08 01:39:26 UTC</createdTime>
<generatorID>BA5D93F0-12BE-F60D-72B0-94A548812BCF</generatorID>
<ownerDesignName>erd1</ownerDesignName>
<engineerTo>
<item key="FC57CB40-45E0-00A4-FD36-E1BB8A459C58" value="true"/>
</engineerTo>
<pk>true</pk>
<usedAttributes>
<attributeRef>7DC5D71C-0FCB-63E1-1D6F-ED0E4CE75ABF</attributeRef>
</usedAttributes>
</identifier>
</identifiers>
</Entity>