<?xml version = '1.0' encoding = 'UTF-8'?>
<Entity class="oracle.dbtools.crest.model.design.logical.Entity" directorySegmentName="seg_0" id="D130222C-8D3D-2DC6-82E7-5B9E306DAD08" name="COURSE">
<createdBy>ranar</createdBy>
<createdTime>2024-05-08 01:39:26 UTC</createdTime>
<generatorID>39235BED-A1C6-7A3C-F171-52F03B04432B</generatorID>
<ownerDesignName>erd1</ownerDesignName>
<engineerTo>
<item key="FC57CB40-45E0-00A4-FD36-E1BB8A459C58" value="true"/>
</engineerTo>
<adequatelyNormalized>NO</adequatelyNormalized>
<expectedVolumes>0</expectedVolumes>
<fwdEngineeringStrategyName>Single Table</fwdEngineeringStrategyName>
<growthPercent>0</growthPercent>
<growthType>Year</growthType>
<maxVolumes>9999999</maxVolumes>
<minVolumes>0</minVolumes>
<normalForm>Third</normalForm>
<attributes itemClass="oracle.dbtools.crest.model.design.logical.Attribute">
<Attribute name="COURSEID" id="2D567D9D-0ABB-232A-D20A-9F4237456D30">
<createdBy>ranar</createdBy>
<createdTime>2024-05-08 01:39:26 UTC</createdTime>
<generatorID>62B40949-EAB8-5588-E54B-B68BA73BF6A2</generatorID>
<ownerDesignName>erd1</ownerDesignName>
<engineerTo>
<item key="FC57CB40-45E0-00A4-FD36-E1BB8A459C58" value="true"/>
</engineerTo>
<useDomainConstraints>false</useDomainConstraints>
<use>1</use>
<logicalDatatype>LOGDT019</logicalDatatype>
<ownDataTypeParameters>,,</ownDataTypeParameters>
</Attribute>
<Attribute name="TITLE" id="8C953798-6EEF-D4C2-D414-291022C613D8">
<createdBy>ranar</createdBy>
<createdTime>2024-05-08 01:39:26 UTC</createdTime>
<generatorID>452CD7D4-EC9F-5B7A-9F5A-50E13BDC6530</generatorID>
<ownerDesignName>erd1</ownerDesignName>
<engineerTo>
<item key="FC57CB40-45E0-00A4-FD36-E1BB8A459C58" value="true"/>
</engineerTo>
<nullsAllowed>true</nullsAllowed>
<useDomainConstraints>false</useDomainConstraints>
<use>1</use>
<logicalDatatype>LOGDT024</logicalDatatype>
<dataTypeSize>255 BYTE</dataTypeSize>
<ownDataTypeParameters>255 BYTE,,</ownDataTypeParameters>
</Attribute>
<Attribute name="CREDITHOURS" id="9C24906D-73C4-9AA5-9515-8554894DF778">
<createdBy>ranar</createdBy>
<createdTime>2024-05-08 01:39:26 UTC</createdTime>
<generatorID>8A6322A6-46FA-3B15-B62B-3BAEC4FB2509</generatorID>
<ownerDesignName>erd1</ownerDesignName>
<engineerTo>
<item key="FC57CB40-45E0-00A4-FD36-E1BB8A459C58" value="true"/>
</engineerTo>
<nullsAllowed>true</nullsAllowed>
<useDomainConstraints>false</useDomainConstraints>
<use>1</use>
<logicalDatatype>LOGDT019</logicalDatatype>
<ownDataTypeParameters>,,</ownDataTypeParameters>
</Attribute>
</attributes>
<identifiers itemClass="oracle.dbtools.crest.model.design.logical.CandidateKey">
<identifier id="D0FB9339-8E4D-E5BA-8D13-27E29C15BAD4" name="COURSE PK">
<createdBy>ranar</createdBy>
<createdTime>2024-05-08 01:39:26 UTC</createdTime>
<generatorID>69675A50-E974-C284-20F2-80776547F5FF</generatorID>
<ownerDesignName>erd1</ownerDesignName>
<engineerTo>
<item key="FC57CB40-45E0-00A4-FD36-E1BB8A459C58" value="true"/>
</engineerTo>
<pk>true</pk>
<usedAttributes>
<attributeRef>2D567D9D-0ABB-232A-D20A-9F4237456D30</attributeRef>
</usedAttributes>
</identifier>
</identifiers>
</Entity>