<?xml version = '1.0' encoding = 'UTF-8'?>
<UserOraclev10g class="oracle.dbtools.crest.model.design.storage.oracle.v10g.UserOraclev10g" name="ERD" directorySegmentName="seg_0" id="96F36747-0F0B-EDBD-7831-1F40794D14C1">
<sourceConnName>ERD</sourceConnName>
<sourceObjName>ERD</sourceObjName>
<createdBy>ranar</createdBy>
<createdTime>2024-05-08 01:34:16 UTC</createdTime>
<ownerDesignName>erd1</ownerDesignName>
<schemaObject>AC0F42D9-7F4D-1A22-FA8A-39A9F6B30F9D</schemaObject>
<defTableSpace>DA3C767F-9BF3-F2DB-D8BD-453512D5C63F</defTableSpace>
<privileges>CREATE ATTRIBUTE DIMENSION, LOGMINING, DROP LOCKDOWN PROFILE, ALTER ANY SQL TRANSLATION PROFILE, CREATE ANY SQL TRANSLATION PROFILE, CREATE MEASURE FOLDER, ALTER ANY CUBE DIMENSION, CREATE MINING MODEL, ALTER ANY SQL PROFILE, EXPORT FULL DATABASE, CREATE ANY EVALUATION CONTEXT, GRANT ANY OBJECT PRIVILEGE, DROP ANY OUTLINE, ALTER ANY OUTLINE, GLOBAL QUERY REWRITE, CREATE ANY INDEXTYPE, CREATE ANY OPERATOR, DROP ANY LIBRARY, DROP ANY TYPE, DROP ANY MATERIALIZED VIEW, DROP ANY TRIGGER, ALTER ANY PROCEDURE, SELECT ANY SEQUENCE, CREATE ANY SYNONYM, UPDATE ANY TABLE, DROP ANY TABLE, CREATE USER, ALTER SESSION, ALTER ANY HIERARCHY, CREATE ANY HIERARCHY, CREATE HIERARCHY, SELECT ANY CUBE BUILD PROCESS, DROP ANY SQL TRANSLATION PROFILE, CREATE CUBE BUILD PROCESS, DELETE ANY MEASURE FOLDER, DROP ANY CUBE, DROP ANY CUBE DIMENSION, EXECUTE ANY ASSEMBLY, DROP ANY ASSEMBLY, ALTER ANY ASSEMBLY, CREATE ANY ASSEMBLY, CREATE EXTERNAL JOB, CREATE JOB, EXECUTE ANY RULE SET, ALTER ANY RULE SET, CREATE ANY RULE SET, DEBUG CONNECT ANY, ON COMMIT REFRESH, CREATE ANY DIMENSION, DROP ANY INDEXTYPE, DROP ANY OPERATOR, EXECUTE ANY LIBRARY, ALTER ANY MATERIALIZED VIEW, CREATE MATERIALIZED VIEW, ANALYZE ANY, ALTER ANY TRIGGER, ALTER DATABASE, DROP ANY SEQUENCE, CREATE ANY VIEW, DROP PUBLIC SYNONYM, CREATE PUBLIC SYNONYM, DROP ANY INDEX, CREATE ANY CLUSTER, CREATE ROLLBACK SEGMENT, ALTER USER, DROP TABLESPACE, CREATE TABLESPACE, CREATE SESSION, ALTER SYSTEM, ALTER ANY ANALYTIC VIEW, FLASHBACK ARCHIVE ADMINISTER, CREATE ANY MEASURE FOLDER, INSERT ANY CUBE DIMENSION, COMMENT ANY MINING MODEL, READ ANY FILE GROUP, CREATE ANY RULE, CREATE RULE, RESUMABLE, DROP ANY CONTEXT, DEQUEUE ANY QUEUE, ENQUEUE ANY QUEUE, ALTER ANY OPERATOR, DROP PROFILE, ALTER PROFILE, CREATE PROFILE, CREATE ANY TRIGGER, EXECUTE ANY PROCEDURE, CREATE PUBLIC DATABASE LINK, ALTER ANY SEQUENCE, CREATE SEQUENCE, ALTER ANY INDEX, SELECT ANY TABLE, CREATE ANY TABLE, AUDIT SYSTEM, DROP LOGICAL PARTITION TRACKING, CREATE ANY ATTRIBUTE DIMENSION, READ ANY TABLE, ALTER ANY CUBE BUILD PROCESS, UPDATE ANY CUBE, ALTER ANY CUBE, ALTER ANY EDITION, EXECUTE ANY CLASS, DROP ANY RULE, CREATE EVALUATION CONTEXT, MERGE ANY VIEW, CREATE ANY OUTLINE, EXECUTE ANY OPERATOR, CREATE ANY LIBRARY, UNDER ANY TYPE, EXECUTE ANY TYPE, CREATE ANY TYPE, CREATE ANY PROCEDURE, FORCE TRANSACTION, GRANT ANY ROLE, CREATE CLUSTER, COMMENT ANY TABLE, BACKUP ANY TABLE, DROP ROLLBACK SEGMENT, ALTER ROLLBACK SEGMENT, ALTER ANY ATTRIBUTE DIMENSION, SELECT ANY MEASURE FOLDER, SET CONTAINER, CREATE PLUGGABLE DATABASE, DROP ANY CUBE BUILD PROCESS, DROP ANY MEASURE FOLDER, CREATE ANY MINING MODEL, EXECUTE ASSEMBLY, CREATE ANY EDITION, EXECUTE ANY RULE, CREATE RULE SET, DROP ANY EVALUATION CONTEXT, DEBUG ANY PROCEDURE, ADMINISTER DATABASE TRIGGER, EXECUTE ANY INDEXTYPE, ALTER ANY LIBRARY, ALTER ANY TYPE, DROP ANY ROLE, CREATE VIEW, DROP ANY SYNONYM, DELETE ANY TABLE, UNLIMITED TABLESPACE, DROP ANY ANALYTIC VIEW, CREATE ANY ANALYTIC VIEW, CREATE ANALYTIC VIEW, DROP ANY ATTRIBUTE DIMENSION, EXECUTE DYNAMIC MLE, CREATE CREDENTIAL, ALTER LOCKDOWN PROFILE, CREATE SQL TRANSLATION PROFILE, UPDATE ANY CUBE BUILD PROCESS, CREATE ANY CUBE BUILD PROCESS, SELECT ANY CUBE, CREATE ANY CUBE, CREATE CUBE, CREATE CUBE DIMENSION, CREATE ASSEMBLY, MANAGE ANY FILE GROUP, CREATE ANY SQL PROFILE, SELECT ANY TRANSACTION, ALTER ANY RULE, DROP ANY RULE SET, EXECUTE ANY EVALUATION CONTEXT, FLASHBACK ANY TABLE, DEBUG CONNECT SESSION, MANAGE ANY QUEUE, UNDER ANY TABLE, QUERY REWRITE, CREATE OPERATOR, DROP ANY DIRECTORY, CREATE ANY MATERIALIZED VIEW, GRANT ANY PRIVILEGE, ALTER RESOURCE COST, DROP ANY VIEW, CREATE SYNONYM, REDEFINE ANY TABLE, LOCK ANY TABLE, CREATE TABLE, CREATE LOGICAL PARTITION TRACKING, DROP ANY HIERARCHY, ALTER ANY MEASURE FOLDER, USE ANY JOB RESOURCE, CREATE ANY CREDENTIAL, CREATE LOCKDOWN PROFILE, EM EXPRESS CONNECT, ADMINISTER SQL MANAGEMENT OBJECT, UPDATE ANY CUBE DIMENSION, INSERT ANY MEASURE FOLDER, CREATE ANY CUBE DIMENSION, ALTER ANY MINING MODEL, SELECT ANY MINING MODEL, DROP ANY EDITION, ADMINISTER ANY SQL TUNING SET, ADMINISTER SQL TUNING SET, DROP ANY SQL PROFILE, MANAGE SCHEDULER, EXECUTE ANY PROGRAM, ADVISOR, ALTER ANY EVALUATION CONTEXT, ADMINISTER RESOURCE MANAGER, CREATE DIMENSION, UNDER ANY VIEW, ALTER ANY INDEXTYPE, CREATE INDEXTYPE, DROP ANY PROCEDURE, FORCE ANY TRANSACTION, CREATE ROLE, DROP PUBLIC DATABASE LINK, CREATE DATABASE LINK, CREATE ANY SEQUENCE, DROP ANY CLUSTER, INSERT ANY TABLE, MANAGE TABLESPACE, ALTER TABLESPACE, RESTRICTED SESSION, USE ANY SQL TRANSLATION PROFILE, SELECT ANY CUBE DIMENSION, DELETE ANY CUBE DIMENSION, DROP ANY MINING MODEL, CHANGE NOTIFICATION, MANAGE FILE GROUP, CREATE ANY JOB, IMPORT FULL DATABASE, CREATE ANY CONTEXT, DROP ANY DIMENSION, ALTER ANY DIMENSION, CREATE LIBRARY, CREATE TYPE, CREATE ANY DIRECTORY, CREATE TRIGGER, CREATE PROCEDURE, AUDIT ANY, ALTER ANY ROLE, CREATE ANY INDEX, ALTER ANY CLUSTER, ALTER ANY TABLE, DROP USER, BECOME USER</privileges>
</UserOraclev10g>